section_title,section_type,classification_label,code,descriptor,period,duration,variable1_label,variable1_code,variable1_descriptor,variable2_label,variable2_code,variable2_descriptor,value_type_description,value,value_label,decimals,confidentiality_indicator,confidentiality_label,final_indicator,final_label,last_updated_at_source
Population,Quick stats,Ethnic group,37144,Tuvaluan,2023,Census,,,,,,,Count,6585.000000,,0,,,,,2024-07-15 09:28:25+00
Median age,Quick stats,Ethnic group,37144,Tuvaluan,2023,Census,,,,,,,Median,21.500000,years,1,,,,,2024-07-15 09:28:43+00
People born overseas,Quick stats,Ethnic group,37144,Tuvaluan,2023,Census,,,,,,,Percent,46.600000,percent,1,,,,,2024-07-15 09:32:38+00
Overseas-born who arrived in New Zealand less than 10 years ago,Quick stats,Ethnic group,37144,Tuvaluan,2023,Census,,,,,,,Percent,32.900000,percent,1,,,,,2024-07-15 09:33:39+00
People who speak more than one language,Quick stats,Ethnic group,37144,Tuvaluan,2023,Census,,,,,,,Percent,46.800000,percent,1,,,,,2024-07-15 09:37:01+00
Median personal income of adults,Quick stats,Ethnic group,37144,Tuvaluan,2023,Census,,,,,,,Median,25500.000000,dollars,0,,,,,2024-07-15 09:33:54+00
Adults with a post-school qualification,Quick stats,Ethnic group,37144,Tuvaluan,2023,Census,,,,,,,Percent,34.000000,percent,1,,,,,2024-08-20 16:48:56+00
Adults who own their home or hold it in a family trust,Quick stats,Ethnic group,37144,Tuvaluan,2023,Census,,,,,,,Percent,12.600000,percent,1,,,,,2024-08-15 09:37:33+00
People with access to the internet,Quick stats,Ethnic group,37144,Tuvaluan,2023,Census,,,,,,,Percent,91.100000,percent,1,,,,,2024-09-10 08:51:41+00
Population,,Ethnic group,37144,Tuvaluan,1996,Census,Population count,CURPC,Census usually resident population count,,,,Count,,,0,..,not available,,,2024-07-15 09:05:57+00
Population,,Ethnic group,37144,Tuvaluan,2001,Census,Population count,CURPC,Census usually resident population count,,,,Count,,,0,..,not available,,,2024-07-15 09:05:57+00
Population,,Ethnic group,37144,Tuvaluan,2006,Census,Population count,CURPC,Census usually resident population count,,,,Count,,,0,..,not available,,,2024-07-15 09:05:57+00
Population,,Ethnic group,37144,Tuvaluan,2013,Census,Population count,CURPC,Census usually resident population count,,,,Count,3537.000000,,0,,,,,2024-07-15 09:05:57+00
Population,,Ethnic group,37144,Tuvaluan,2018,Census,Population count,CURPC,Census usually resident population count,,,,Count,4653.000000,,0,,,,,2024-07-15 09:05:57+00
Population,,Ethnic group,37144,Tuvaluan,2023,Census,Population count,CURPC,Census usually resident population count,,,,Count,6585.000000,,0,,,,,2024-07-15 09:05:57+00
Population,,Ethnic group,37144,Tuvaluan,1996,At 30 June,Population count,ERP,Estimated resident population,,,,Count,,,0,..,not available,,,2025-07-03 13:12:49+00
Population,,Ethnic group,37144,Tuvaluan,2001,At 30 June,Population count,ERP,Estimated resident population,,,,Count,,,0,..,not available,,,2025-07-03 13:12:49+00
Population,,Ethnic group,37144,Tuvaluan,2006,At 30 June,Population count,ERP,Estimated resident population,,,,Count,,,0,..,not available,,,2025-07-03 13:12:49+00
Population,,Ethnic group,37144,Tuvaluan,2013,At 30 June,Population count,ERP,Estimated resident population,,,,Count,,,0,..,not available,,,2025-07-03 13:12:49+00
Population,,Ethnic group,37144,Tuvaluan,2018,At 30 June,Population count,ERP,Estimated resident population,,,,Count,,,0,..,not available,,,2025-07-03 13:12:49+00
Population,,Ethnic group,37144,Tuvaluan,2023,At 30 June,Population count,ERP,Estimated resident population,,,,Count,,,0,..,not available,,,2025-07-03 13:12:49+00
Median age,,Ethnic group,37144,Tuvaluan,2013,Census,,,,,,,Median,19.200000,years,1,,,,,2024-07-15 09:06:34+00
Median age,,Ethnic group,37144,Tuvaluan,2018,Census,,,,,,,Median,18.300000,years,1,,,,,2024-07-15 09:06:34+00
Median age,,Ethnic group,37144,Tuvaluan,2023,Census,,,,,,,Median,21.500000,years,1,,,,,2024-07-15 09:06:34+00
Life-cycle age groups,,Ethnic group,37144,Tuvaluan,2013,Census,Life cycle age group,1,Under 15 years,,,,Count,1470.000000,,0,,,,,2024-07-15 09:07:08+00
Life-cycle age groups,,Ethnic group,37144,Tuvaluan,2018,Census,Life cycle age group,1,Under 15 years,,,,Count,1947.000000,,0,,,,,2024-07-15 09:07:08+00
Life-cycle age groups,,Ethnic group,37144,Tuvaluan,2023,Census,Life cycle age group,1,Under 15 years,,,,Count,2355.000000,,0,,,,,2024-07-15 09:07:08+00
Life-cycle age groups,,Ethnic group,37144,Tuvaluan,2013,Census,Life cycle age group,2,15-29 years,,,,Count,846.000000,,0,,,,,2024-07-15 09:07:08+00
Life-cycle age groups,,Ethnic group,37144,Tuvaluan,2018,Census,Life cycle age group,2,15-29 years,,,,Count,1191.000000,,0,,,,,2024-07-15 09:07:08+00
Life-cycle age groups,,Ethnic group,37144,Tuvaluan,2023,Census,Life cycle age group,2,15-29 years,,,,Count,1854.000000,,0,,,,,2024-07-15 09:07:08+00
Life-cycle age groups,,Ethnic group,37144,Tuvaluan,2013,Census,Life cycle age group,3,30-64 years,,,,Count,1110.000000,,0,,,,,2024-07-15 09:07:08+00
Life-cycle age groups,,Ethnic group,37144,Tuvaluan,2018,Census,Life cycle age group,3,30-64 years,,,,Count,1347.000000,,0,,,,,2024-07-15 09:07:08+00
Life-cycle age groups,,Ethnic group,37144,Tuvaluan,2023,Census,Life cycle age group,3,30-64 years,,,,Count,2073.000000,,0,,,,,2024-07-15 09:07:08+00
Life-cycle age groups,,Ethnic group,37144,Tuvaluan,2013,Census,Life cycle age group,4,65 years and over,,,,Count,114.000000,,0,,,,,2024-07-15 09:07:08+00
Life-cycle age groups,,Ethnic group,37144,Tuvaluan,2018,Census,Life cycle age group,4,65 years and over,,,,Count,168.000000,,0,,,,,2024-07-15 09:07:08+00
Life-cycle age groups,,Ethnic group,37144,Tuvaluan,2023,Census,Life cycle age group,4,65 years and over,,,,Count,303.000000,,0,,,,,2024-07-15 09:07:08+00
Life-cycle age groups,,Ethnic group,37144,Tuvaluan,2013,Census,Life cycle age group,1,Under 15 years,,,,Percent,41.600000,percent,1,,,,,2024-07-15 09:07:43+00
Life-cycle age groups,,Ethnic group,37144,Tuvaluan,2018,Census,Life cycle age group,1,Under 15 years,,,,Percent,41.800000,percent,1,,,,,2024-07-15 09:07:43+00
Life-cycle age groups,,Ethnic group,37144,Tuvaluan,2023,Census,Life cycle age group,1,Under 15 years,,,,Percent,35.800000,percent,1,,,,,2024-07-15 09:07:43+00
Life-cycle age groups,,Ethnic group,37144,Tuvaluan,2013,Census,Life cycle age group,2,15-29 years,,,,Percent,23.900000,percent,1,,,,,2024-07-15 09:07:43+00
Life-cycle age groups,,Ethnic group,37144,Tuvaluan,2018,Census,Life cycle age group,2,15-29 years,,,,Percent,25.600000,percent,1,,,,,2024-07-15 09:07:43+00
Life-cycle age groups,,Ethnic group,37144,Tuvaluan,2023,Census,Life cycle age group,2,15-29 years,,,,Percent,28.200000,percent,1,,,,,2024-07-15 09:07:43+00
Life-cycle age groups,,Ethnic group,37144,Tuvaluan,2013,Census,Life cycle age group,3,30-64 years,,,,Percent,31.400000,percent,1,,,,,2024-07-15 09:07:43+00
Life-cycle age groups,,Ethnic group,37144,Tuvaluan,2018,Census,Life cycle age group,3,30-64 years,,,,Percent,28.900000,percent,1,,,,,2024-07-15 09:07:43+00
Life-cycle age groups,,Ethnic group,37144,Tuvaluan,2023,Census,Life cycle age group,3,30-64 years,,,,Percent,31.500000,percent,1,,,,,2024-07-15 09:07:43+00
Life-cycle age groups,,Ethnic group,37144,Tuvaluan,2013,Census,Life cycle age group,4,65 years and over,,,,Percent,3.200000,percent,1,,,,,2024-07-15 09:07:43+00
Life-cycle age groups,,Ethnic group,37144,Tuvaluan,2018,Census,Life cycle age group,4,65 years and over,,,,Percent,3.600000,percent,1,,,,,2024-07-15 09:07:43+00
Life-cycle age groups,,Ethnic group,37144,Tuvaluan,2023,Census,Life cycle age group,4,65 years and over,,,,Percent,4.600000,percent,1,,,,,2024-07-15 09:07:43+00
Five-year age groups,,Ethnic group,37144,Tuvaluan,2023,Census,Five year age group,1,0-4 years,,,,Count,840.000000,,0,,,,,2024-07-15 09:08:00+00
Five-year age groups,,Ethnic group,37144,Tuvaluan,2023,Census,Five year age group,10,45-49 years,,,,Count,282.000000,,0,,,,,2024-07-15 09:08:00+00
Five-year age groups,,Ethnic group,37144,Tuvaluan,2023,Census,Five year age group,11,50-54 years,,,,Count,234.000000,,0,,,,,2024-07-15 09:08:00+00
Five-year age groups,,Ethnic group,37144,Tuvaluan,2023,Census,Five year age group,12,55-59 years,,,,Count,216.000000,,0,,,,,2024-07-15 09:08:00+00
Five-year age groups,,Ethnic group,37144,Tuvaluan,2023,Census,Five year age group,13,60-64 years,,,,Count,210.000000,,0,,,,,2024-07-15 09:08:00+00
Five-year age groups,,Ethnic group,37144,Tuvaluan,2023,Census,Five year age group,14,65-69 years,,,,Count,135.000000,,0,,,,,2024-07-15 09:08:00+00
Five-year age groups,,Ethnic group,37144,Tuvaluan,2023,Census,Five year age group,15,70-74 years,,,,Count,93.000000,,0,,,,,2024-07-15 09:08:00+00
Five-year age groups,,Ethnic group,37144,Tuvaluan,2023,Census,Five year age group,16,75-79 years,,,,Count,45.000000,,0,,,,,2024-07-15 09:08:00+00
Five-year age groups,,Ethnic group,37144,Tuvaluan,2023,Census,Five year age group,17,80-84 years,,,,Count,18.000000,,0,,,,,2024-07-15 09:08:00+00
Five-year age groups,,Ethnic group,37144,Tuvaluan,2023,Census,Five year age group,18,85-89 years,,,,Count,9.000000,,0,,,,,2024-07-15 09:08:00+00
Five-year age groups,,Ethnic group,37144,Tuvaluan,2023,Census,Five year age group,19,90 years and over,,,,Count,6.000000,,0,,,,,2024-07-15 09:08:00+00
Five-year age groups,,Ethnic group,37144,Tuvaluan,2023,Census,Five year age group,2,5-9 years,,,,Count,744.000000,,0,,,,,2024-07-15 09:08:00+00
Five-year age groups,,Ethnic group,37144,Tuvaluan,2023,Census,Five year age group,3,10-14 years,,,,Count,771.000000,,0,,,,,2024-07-15 09:08:00+00
Five-year age groups,,Ethnic group,37144,Tuvaluan,2023,Census,Five year age group,4,15-19 years,,,,Count,732.000000,,0,,,,,2024-07-15 09:08:00+00
Five-year age groups,,Ethnic group,37144,Tuvaluan,2023,Census,Five year age group,5,20-24 years,,,,Count,630.000000,,0,,,,,2024-07-15 09:08:00+00
Five-year age groups,,Ethnic group,37144,Tuvaluan,2023,Census,Five year age group,6,25-29 years,,,,Count,492.000000,,0,,,,,2024-07-15 09:08:00+00
Five-year age groups,,Ethnic group,37144,Tuvaluan,2023,Census,Five year age group,7,30-34 years,,,,Count,414.000000,,0,,,,,2024-07-15 09:08:00+00
Five-year age groups,,Ethnic group,37144,Tuvaluan,2023,Census,Five year age group,8,35-39 years,,,,Count,378.000000,,0,,,,,2024-07-15 09:08:00+00
Five-year age groups,,Ethnic group,37144,Tuvaluan,2023,Census,Five year age group,9,40-44 years,,,,Count,336.000000,,0,,,,,2024-07-15 09:08:00+00
Five-year age groups,,Ethnic group,37144,Tuvaluan,2023,Census,Five year age group,1,0-4 years,,,,Percent,12.800000,percent,1,,,,,2024-07-15 09:08:17+00
Five-year age groups,,Ethnic group,37144,Tuvaluan,2023,Census,Five year age group,10,45-49 years,,,,Percent,4.300000,percent,1,,,,,2024-07-15 09:08:17+00
Five-year age groups,,Ethnic group,37144,Tuvaluan,2023,Census,Five year age group,11,50-54 years,,,,Percent,3.600000,percent,1,,,,,2024-07-15 09:08:17+00
Five-year age groups,,Ethnic group,37144,Tuvaluan,2023,Census,Five year age group,12,55-59 years,,,,Percent,3.300000,percent,1,,,,,2024-07-15 09:08:17+00
Five-year age groups,,Ethnic group,37144,Tuvaluan,2023,Census,Five year age group,13,60-64 years,,,,Percent,3.200000,percent,1,,,,,2024-07-15 09:08:17+00
Five-year age groups,,Ethnic group,37144,Tuvaluan,2023,Census,Five year age group,14,65-69 years,,,,Percent,2.100000,percent,1,,,,,2024-07-15 09:08:17+00
Five-year age groups,,Ethnic group,37144,Tuvaluan,2023,Census,Five year age group,15,70-74 years,,,,Percent,1.400000,percent,1,,,,,2024-07-15 09:08:17+00
Five-year age groups,,Ethnic group,37144,Tuvaluan,2023,Census,Five year age group,16,75-79 years,,,,Percent,0.700000,percent,1,,,,,2024-07-15 09:08:17+00
Five-year age groups,,Ethnic group,37144,Tuvaluan,2023,Census,Five year age group,17,80-84 years,,,,Percent,0.300000,percent,1,,,,,2024-07-15 09:08:17+00
Five-year age groups,,Ethnic group,37144,Tuvaluan,2023,Census,Five year age group,18,85-89 years,,,,Percent,0.100000,percent,1,,,,,2024-07-15 09:08:17+00
Five-year age groups,,Ethnic group,37144,Tuvaluan,2023,Census,Five year age group,19,90 years and over,,,,Percent,0.100000,percent,1,,,,,2024-07-15 09:08:17+00
Five-year age groups,,Ethnic group,37144,Tuvaluan,2023,Census,Five year age group,2,5-9 years,,,,Percent,11.300000,percent,1,,,,,2024-07-15 09:08:17+00
Five-year age groups,,Ethnic group,37144,Tuvaluan,2023,Census,Five year age group,3,10-14 years,,,,Percent,11.700000,percent,1,,,,,2024-07-15 09:08:17+00
Five-year age groups,,Ethnic group,37144,Tuvaluan,2023,Census,Five year age group,4,15-19 years,,,,Percent,11.100000,percent,1,,,,,2024-07-15 09:08:17+00
Five-year age groups,,Ethnic group,37144,Tuvaluan,2023,Census,Five year age group,5,20-24 years,,,,Percent,9.600000,percent,1,,,,,2024-07-15 09:08:17+00
Five-year age groups,,Ethnic group,37144,Tuvaluan,2023,Census,Five year age group,6,25-29 years,,,,Percent,7.500000,percent,1,,,,,2024-07-15 09:08:17+00
Five-year age groups,,Ethnic group,37144,Tuvaluan,2023,Census,Five year age group,7,30-34 years,,,,Percent,6.300000,percent,1,,,,,2024-07-15 09:08:17+00
Five-year age groups,,Ethnic group,37144,Tuvaluan,2023,Census,Five year age group,8,35-39 years,,,,Percent,5.700000,percent,1,,,,,2024-07-15 09:08:17+00
Five-year age groups,,Ethnic group,37144,Tuvaluan,2023,Census,Five year age group,9,40-44 years,,,,Percent,5.100000,percent,1,,,,,2024-07-15 09:08:17+00
Gender and age,,Ethnic group,37144,Tuvaluan,2023,Census,Life cycle age group,1,Under 15 years,Gender,1,Male / Tāne,Count,1209.000000,,0,,,,,2024-07-15 09:12:27+00
Gender and age,,Ethnic group,37144,Tuvaluan,2023,Census,Life cycle age group,1,Under 15 years,Gender,2,Female / Wahine,Count,1134.000000,,0,,,,,2024-07-15 09:12:27+00
Gender and age,,Ethnic group,37144,Tuvaluan,2023,Census,Life cycle age group,1,Under 15 years,Gender,3,Another gender / He ira kē anō,Count,9.000000,,0,,,,,2024-07-15 09:12:27+00
Gender and age,,Ethnic group,37144,Tuvaluan,2023,Census,Life cycle age group,2,15-29 years,Gender,1,Male / Tāne,Count,909.000000,,0,,,,,2024-07-15 09:12:27+00
Gender and age,,Ethnic group,37144,Tuvaluan,2023,Census,Life cycle age group,2,15-29 years,Gender,2,Female / Wahine,Count,942.000000,,0,,,,,2024-07-15 09:12:27+00
Gender and age,,Ethnic group,37144,Tuvaluan,2023,Census,Life cycle age group,2,15-29 years,Gender,3,Another gender / He ira kē anō,Count,6.000000,,0,,,,,2024-07-15 09:12:27+00
Gender and age,,Ethnic group,37144,Tuvaluan,2023,Census,Life cycle age group,3,30-64 years,Gender,1,Male / Tāne,Count,1002.000000,,0,,,,,2024-07-15 09:12:27+00
Gender and age,,Ethnic group,37144,Tuvaluan,2023,Census,Life cycle age group,3,30-64 years,Gender,2,Female / Wahine,Count,1065.000000,,0,,,,,2024-07-15 09:12:27+00
Gender and age,,Ethnic group,37144,Tuvaluan,2023,Census,Life cycle age group,3,30-64 years,Gender,3,Another gender / He ira kē anō,Count,6.000000,,0,,,,,2024-07-15 09:12:27+00
Gender and age,,Ethnic group,37144,Tuvaluan,2023,Census,Life cycle age group,4,65 years and over,Gender,1,Male / Tāne,Count,126.000000,,0,,,,,2024-07-15 09:12:27+00
Gender and age,,Ethnic group,37144,Tuvaluan,2023,Census,Life cycle age group,4,65 years and over,Gender,2,Female / Wahine,Count,174.000000,,0,,,,,2024-07-15 09:12:27+00
Gender and age,,Ethnic group,37144,Tuvaluan,2023,Census,Life cycle age group,4,65 years and over,Gender,3,Another gender / He ira kē anō,Count,0.000000,,0,,,,,2024-07-15 09:12:27+00
Gender and age,,Ethnic group,37144,Tuvaluan,2023,Census,Life cycle age group,1,Under 15 years,Gender,1,Male / Tāne,Percent,18.400000,percent,1,,,,,2024-07-15 09:16:49+00
Gender and age,,Ethnic group,37144,Tuvaluan,2023,Census,Life cycle age group,1,Under 15 years,Gender,2,Female / Wahine,Percent,17.200000,percent,1,,,,,2024-07-15 09:16:49+00
Gender and age,,Ethnic group,37144,Tuvaluan,2023,Census,Life cycle age group,1,Under 15 years,Gender,3,Another gender / He ira kē anō,Percent,0.100000,percent,1,,,,,2024-07-15 09:16:49+00
Gender and age,,Ethnic group,37144,Tuvaluan,2023,Census,Life cycle age group,2,15-29 years,Gender,1,Male / Tāne,Percent,13.800000,percent,1,,,,,2024-07-15 09:16:49+00
Gender and age,,Ethnic group,37144,Tuvaluan,2023,Census,Life cycle age group,2,15-29 years,Gender,2,Female / Wahine,Percent,14.300000,percent,1,,,,,2024-07-15 09:16:49+00
Gender and age,,Ethnic group,37144,Tuvaluan,2023,Census,Life cycle age group,2,15-29 years,Gender,3,Another gender / He ira kē anō,Percent,0.100000,percent,1,,,,,2024-07-15 09:16:49+00
Gender and age,,Ethnic group,37144,Tuvaluan,2023,Census,Life cycle age group,3,30-64 years,Gender,1,Male / Tāne,Percent,15.200000,percent,1,,,,,2024-07-15 09:16:49+00
Gender and age,,Ethnic group,37144,Tuvaluan,2023,Census,Life cycle age group,3,30-64 years,Gender,2,Female / Wahine,Percent,16.200000,percent,1,,,,,2024-07-15 09:16:49+00
Gender and age,,Ethnic group,37144,Tuvaluan,2023,Census,Life cycle age group,3,30-64 years,Gender,3,Another gender / He ira kē anō,Percent,0.100000,percent,1,,,,,2024-07-15 09:16:49+00
Gender and age,,Ethnic group,37144,Tuvaluan,2023,Census,Life cycle age group,4,65 years and over,Gender,1,Male / Tāne,Percent,1.900000,percent,1,,,,,2024-07-15 09:16:49+00
Gender and age,,Ethnic group,37144,Tuvaluan,2023,Census,Life cycle age group,4,65 years and over,Gender,2,Female / Wahine,Percent,2.600000,percent,1,,,,,2024-07-15 09:16:49+00
Gender and age,,Ethnic group,37144,Tuvaluan,2023,Census,Life cycle age group,4,65 years and over,Gender,3,Another gender / He ira kē anō,Percent,0.000000,percent,1,,,,,2024-07-15 09:16:49+00
Partnership status in current relationship,,Ethnic group,37144,Tuvaluan,2013,Census,Partnership status in current relationship,10,"Partnered, nfd",,,,Count,114.000000,,0,,,,,2024-10-24 13:02:48+00
Partnership status in current relationship,,Ethnic group,37144,Tuvaluan,2018,Census,Partnership status in current relationship,10,"Partnered, nfd",,,,Count,129.000000,,0,,,,,2024-10-24 13:02:48+00
Partnership status in current relationship,,Ethnic group,37144,Tuvaluan,2023,Census,Partnership status in current relationship,10,"Partnered, nfd",,,,Count,42.000000,,0,,,,,2024-10-24 13:05:40+00
Partnership status in current relationship,,Ethnic group,37144,Tuvaluan,2013,Census,Partnership status in current relationship,11,Spouse,,,,Count,906.000000,,0,,,,,2024-10-24 13:02:48+00
Partnership status in current relationship,,Ethnic group,37144,Tuvaluan,2018,Census,Partnership status in current relationship,11,Spouse,,,,Count,828.000000,,0,,,,,2024-10-24 13:02:48+00
Partnership status in current relationship,,Ethnic group,37144,Tuvaluan,2023,Census,Partnership status in current relationship,11,Spouse,,,,Count,1494.000000,,0,,,,,2024-10-24 13:05:40+00
Partnership status in current relationship,,Ethnic group,37144,Tuvaluan,2013,Census,Partnership status in current relationship,12,Civil union partner,,,,Count,,,0,S,S,,,2024-10-24 13:02:46+00
Partnership status in current relationship,,Ethnic group,37144,Tuvaluan,2018,Census,Partnership status in current relationship,12,Civil union partner,,,,Count,,,0,S,S,,,2024-10-24 13:02:46+00
Partnership status in current relationship,,Ethnic group,37144,Tuvaluan,2023,Census,Partnership status in current relationship,12,Civil union partner,,,,Count,0.000000,,0,,,,,2024-10-24 13:05:40+00
Partnership status in current relationship,,Ethnic group,37144,Tuvaluan,2013,Census,Partnership status in current relationship,13,De facto partner,,,,Count,105.000000,,0,,,,,2024-10-24 13:02:48+00
Partnership status in current relationship,,Ethnic group,37144,Tuvaluan,2018,Census,Partnership status in current relationship,13,De facto partner,,,,Count,138.000000,,0,,,,,2024-10-24 13:02:48+00
Partnership status in current relationship,,Ethnic group,37144,Tuvaluan,2023,Census,Partnership status in current relationship,13,De facto partner,,,,Count,324.000000,,0,,,,,2024-10-24 13:05:40+00
Partnership status in current relationship,,Ethnic group,37144,Tuvaluan,2013,Census,Partnership status in current relationship,2,Non-partnered,,,,Count,807.000000,,0,,,,,2024-10-24 13:02:46+00
Partnership status in current relationship,,Ethnic group,37144,Tuvaluan,2018,Census,Partnership status in current relationship,2,Non-partnered,,,,Count,771.000000,,0,,,,,2024-10-24 13:02:46+00
Partnership status in current relationship,,Ethnic group,37144,Tuvaluan,2023,Census,Partnership status in current relationship,2,Non-partnered,,,,Count,2106.000000,,0,,,,,2024-10-24 13:05:41+00
Partnership status in current relationship,,Ethnic group,37144,Tuvaluan,2013,Census,Partnership status in current relationship,10,"Partnered, nfd",,,,Percent,5.900000,percent,1,,,,,2024-10-24 13:04:56+00
Partnership status in current relationship,,Ethnic group,37144,Tuvaluan,2018,Census,Partnership status in current relationship,10,"Partnered, nfd",,,,Percent,6.900000,percent,1,,,,,2024-10-24 13:04:56+00
Partnership status in current relationship,,Ethnic group,37144,Tuvaluan,2023,Census,Partnership status in current relationship,10,"Partnered, nfd",,,,Percent,1.100000,percent,1,,,,,2024-10-24 13:06:18+00
Partnership status in current relationship,,Ethnic group,37144,Tuvaluan,2013,Census,Partnership status in current relationship,11,Spouse,,,,Percent,46.700000,percent,1,,,,,2024-10-24 13:04:56+00
Partnership status in current relationship,,Ethnic group,37144,Tuvaluan,2018,Census,Partnership status in current relationship,11,Spouse,,,,Percent,44.400000,percent,1,,,,,2024-10-24 13:04:56+00
Partnership status in current relationship,,Ethnic group,37144,Tuvaluan,2023,Census,Partnership status in current relationship,11,Spouse,,,,Percent,37.600000,percent,1,,,,,2024-10-24 13:06:18+00
Partnership status in current relationship,,Ethnic group,37144,Tuvaluan,2013,Census,Partnership status in current relationship,12,Civil union partner,,,,Percent,,percent,1,S,S,,,2024-10-24 13:04:55+00
Partnership status in current relationship,,Ethnic group,37144,Tuvaluan,2018,Census,Partnership status in current relationship,12,Civil union partner,,,,Percent,,percent,1,S,S,,,2024-10-24 13:04:55+00
Partnership status in current relationship,,Ethnic group,37144,Tuvaluan,2023,Census,Partnership status in current relationship,12,Civil union partner,,,,Percent,0.000000,percent,1,,,,,2024-10-24 13:06:18+00
Partnership status in current relationship,,Ethnic group,37144,Tuvaluan,2013,Census,Partnership status in current relationship,13,De facto partner,,,,Percent,5.400000,percent,1,,,,,2024-10-24 13:04:56+00
Partnership status in current relationship,,Ethnic group,37144,Tuvaluan,2018,Census,Partnership status in current relationship,13,De facto partner,,,,Percent,7.400000,percent,1,,,,,2024-10-24 13:04:56+00
Partnership status in current relationship,,Ethnic group,37144,Tuvaluan,2023,Census,Partnership status in current relationship,13,De facto partner,,,,Percent,8.200000,percent,1,,,,,2024-10-24 13:06:18+00
Partnership status in current relationship,,Ethnic group,37144,Tuvaluan,2013,Census,Partnership status in current relationship,2,Non-partnered,,,,Percent,41.600000,percent,1,,,,,2024-10-24 13:04:55+00
Partnership status in current relationship,,Ethnic group,37144,Tuvaluan,2018,Census,Partnership status in current relationship,2,Non-partnered,,,,Percent,41.300000,percent,1,,,,,2024-10-24 13:04:55+00
Partnership status in current relationship,,Ethnic group,37144,Tuvaluan,2023,Census,Partnership status in current relationship,2,Non-partnered,,,,Percent,53.100000,percent,1,,,,,2024-10-24 13:06:19+00
Births and deaths,,Ethnic group,37144,Tuvaluan,2001,Year ended March,Births and deaths,BTH,Live births,,,,Count,,,0,..,not available,,,2026-05-26 11:30:50+00
Births and deaths,,Ethnic group,37144,Tuvaluan,2002,Year ended March,Births and deaths,BTH,Live births,,,,Count,,,0,..,not available,,,2026-05-26 11:30:50+00
Births and deaths,,Ethnic group,37144,Tuvaluan,2003,Year ended March,Births and deaths,BTH,Live births,,,,Count,,,0,..,not available,,,2026-05-26 11:30:50+00
Births and deaths,,Ethnic group,37144,Tuvaluan,2004,Year ended March,Births and deaths,BTH,Live births,,,,Count,,,0,..,not available,,,2026-05-26 11:30:50+00
Births and deaths,,Ethnic group,37144,Tuvaluan,2005,Year ended March,Births and deaths,BTH,Live births,,,,Count,,,0,..,not available,,,2026-05-26 11:30:50+00
Births and deaths,,Ethnic group,37144,Tuvaluan,2006,Year ended March,Births and deaths,BTH,Live births,,,,Count,,,0,..,not available,,,2026-05-26 11:30:50+00
Births and deaths,,Ethnic group,37144,Tuvaluan,2007,Year ended March,Births and deaths,BTH,Live births,,,,Count,,,0,..,not available,,,2026-05-26 11:30:50+00
Births and deaths,,Ethnic group,37144,Tuvaluan,2008,Year ended March,Births and deaths,BTH,Live births,,,,Count,,,0,..,not available,,,2026-05-26 11:30:50+00
Births and deaths,,Ethnic group,37144,Tuvaluan,2009,Year ended March,Births and deaths,BTH,Live births,,,,Count,,,0,..,not available,,,2026-05-26 11:30:50+00
Births and deaths,,Ethnic group,37144,Tuvaluan,2010,Year ended March,Births and deaths,BTH,Live births,,,,Count,,,0,..,not available,,,2026-05-26 11:30:50+00
Births and deaths,,Ethnic group,37144,Tuvaluan,2011,Year ended March,Births and deaths,BTH,Live births,,,,Count,,,0,..,not available,,,2026-05-26 11:30:50+00
Births and deaths,,Ethnic group,37144,Tuvaluan,2012,Year ended March,Births and deaths,BTH,Live births,,,,Count,,,0,..,not available,,,2026-05-26 11:30:50+00
Births and deaths,,Ethnic group,37144,Tuvaluan,2013,Year ended March,Births and deaths,BTH,Live births,,,,Count,,,0,..,not available,,,2026-05-26 11:30:50+00
Births and deaths,,Ethnic group,37144,Tuvaluan,2014,Year ended March,Births and deaths,BTH,Live births,,,,Count,,,0,..,not available,,,2026-05-26 11:30:50+00
Births and deaths,,Ethnic group,37144,Tuvaluan,2015,Year ended March,Births and deaths,BTH,Live births,,,,Count,,,0,..,not available,,,2026-05-26 11:30:50+00
Births and deaths,,Ethnic group,37144,Tuvaluan,2016,Year ended March,Births and deaths,BTH,Live births,,,,Count,,,0,..,not available,,,2026-05-26 11:30:50+00
Births and deaths,,Ethnic group,37144,Tuvaluan,2017,Year ended March,Births and deaths,BTH,Live births,,,,Count,,,0,..,not available,,,2026-05-26 11:30:50+00
Births and deaths,,Ethnic group,37144,Tuvaluan,2018,Year ended March,Births and deaths,BTH,Live births,,,,Count,,,0,..,not available,,,2026-05-26 11:30:50+00
Births and deaths,,Ethnic group,37144,Tuvaluan,2019,Year ended March,Births and deaths,BTH,Live births,,,,Count,,,0,..,not available,,,2026-05-26 11:30:50+00
Births and deaths,,Ethnic group,37144,Tuvaluan,2020,Year ended March,Births and deaths,BTH,Live births,,,,Count,,,0,..,not available,,,2026-05-26 11:30:50+00
Births and deaths,,Ethnic group,37144,Tuvaluan,2021,Year ended March,Births and deaths,BTH,Live births,,,,Count,,,0,..,not available,,,2026-05-26 11:30:50+00
Births and deaths,,Ethnic group,37144,Tuvaluan,2022,Year ended March,Births and deaths,BTH,Live births,,,,Count,,,0,..,not available,,,2026-05-26 11:30:50+00
Births and deaths,,Ethnic group,37144,Tuvaluan,2023,Year ended March,Births and deaths,BTH,Live births,,,,Count,,,0,..,not available,,,2026-05-26 11:30:50+00
Births and deaths,,Ethnic group,37144,Tuvaluan,2024,Year ended March,Births and deaths,BTH,Live births,,,,Count,,,0,..,not available,,,2026-05-26 11:30:50+00
Births and deaths,,Ethnic group,37144,Tuvaluan,2025,Year ended March,Births and deaths,BTH,Live births,,,,Count,,,0,..,not available,,,2026-05-26 11:30:50+00
Births and deaths,,Ethnic group,37144,Tuvaluan,2026,Year ended March,Births and deaths,BTH,Live births,,,,Count,,,0,..,not available,,,2026-05-26 11:30:50+00
Births and deaths,,Ethnic group,37144,Tuvaluan,2001,Year ended March,Births and deaths,DTH,Deaths,,,,Count,,,0,..,not available,,,2026-05-26 11:30:50+00
Births and deaths,,Ethnic group,37144,Tuvaluan,2002,Year ended March,Births and deaths,DTH,Deaths,,,,Count,,,0,..,not available,,,2026-05-26 11:30:50+00
Births and deaths,,Ethnic group,37144,Tuvaluan,2003,Year ended March,Births and deaths,DTH,Deaths,,,,Count,,,0,..,not available,,,2026-05-26 11:30:50+00
Births and deaths,,Ethnic group,37144,Tuvaluan,2004,Year ended March,Births and deaths,DTH,Deaths,,,,Count,,,0,..,not available,,,2026-05-26 11:30:50+00
Births and deaths,,Ethnic group,37144,Tuvaluan,2005,Year ended March,Births and deaths,DTH,Deaths,,,,Count,,,0,..,not available,,,2026-05-26 11:30:50+00
Births and deaths,,Ethnic group,37144,Tuvaluan,2006,Year ended March,Births and deaths,DTH,Deaths,,,,Count,,,0,..,not available,,,2026-05-26 11:30:50+00
Births and deaths,,Ethnic group,37144,Tuvaluan,2007,Year ended March,Births and deaths,DTH,Deaths,,,,Count,,,0,..,not available,,,2026-05-26 11:30:50+00
Births and deaths,,Ethnic group,37144,Tuvaluan,2008,Year ended March,Births and deaths,DTH,Deaths,,,,Count,,,0,..,not available,,,2026-05-26 11:30:50+00
Births and deaths,,Ethnic group,37144,Tuvaluan,2009,Year ended March,Births and deaths,DTH,Deaths,,,,Count,,,0,..,not available,,,2026-05-26 11:30:50+00
Births and deaths,,Ethnic group,37144,Tuvaluan,2010,Year ended March,Births and deaths,DTH,Deaths,,,,Count,,,0,..,not available,,,2026-05-26 11:30:50+00
Births and deaths,,Ethnic group,37144,Tuvaluan,2011,Year ended March,Births and deaths,DTH,Deaths,,,,Count,,,0,..,not available,,,2026-05-26 11:30:50+00
Births and deaths,,Ethnic group,37144,Tuvaluan,2012,Year ended March,Births and deaths,DTH,Deaths,,,,Count,,,0,..,not available,,,2026-05-26 11:30:50+00
Births and deaths,,Ethnic group,37144,Tuvaluan,2013,Year ended March,Births and deaths,DTH,Deaths,,,,Count,,,0,..,not available,,,2026-05-26 11:30:50+00
Births and deaths,,Ethnic group,37144,Tuvaluan,2014,Year ended March,Births and deaths,DTH,Deaths,,,,Count,,,0,..,not available,,,2026-05-26 11:30:50+00
Births and deaths,,Ethnic group,37144,Tuvaluan,2015,Year ended March,Births and deaths,DTH,Deaths,,,,Count,,,0,..,not available,,,2026-05-26 11:30:50+00
Births and deaths,,Ethnic group,37144,Tuvaluan,2016,Year ended March,Births and deaths,DTH,Deaths,,,,Count,,,0,..,not available,,,2026-05-26 11:30:50+00
Births and deaths,,Ethnic group,37144,Tuvaluan,2017,Year ended March,Births and deaths,DTH,Deaths,,,,Count,,,0,..,not available,,,2026-05-26 11:30:50+00
Births and deaths,,Ethnic group,37144,Tuvaluan,2018,Year ended March,Births and deaths,DTH,Deaths,,,,Count,,,0,..,not available,,,2026-05-26 11:30:50+00
Births and deaths,,Ethnic group,37144,Tuvaluan,2019,Year ended March,Births and deaths,DTH,Deaths,,,,Count,,,0,..,not available,,,2026-05-26 11:30:50+00
Births and deaths,,Ethnic group,37144,Tuvaluan,2020,Year ended March,Births and deaths,DTH,Deaths,,,,Count,,,0,..,not available,,,2026-05-26 11:30:50+00
Births and deaths,,Ethnic group,37144,Tuvaluan,2021,Year ended March,Births and deaths,DTH,Deaths,,,,Count,,,0,..,not available,,,2026-05-26 11:30:50+00
Births and deaths,,Ethnic group,37144,Tuvaluan,2022,Year ended March,Births and deaths,DTH,Deaths,,,,Count,,,0,..,not available,,,2026-05-26 11:30:50+00
Births and deaths,,Ethnic group,37144,Tuvaluan,2023,Year ended March,Births and deaths,DTH,Deaths,,,,Count,,,0,..,not available,,,2026-05-26 11:30:50+00
Births and deaths,,Ethnic group,37144,Tuvaluan,2024,Year ended March,Births and deaths,DTH,Deaths,,,,Count,,,0,..,not available,,,2026-05-26 11:30:50+00
Births and deaths,,Ethnic group,37144,Tuvaluan,2025,Year ended March,Births and deaths,DTH,Deaths,,,,Count,,,0,..,not available,,,2026-05-26 11:30:50+00
Births and deaths,,Ethnic group,37144,Tuvaluan,2026,Year ended March,Births and deaths,DTH,Deaths,,,,Count,,,0,..,not available,,,2026-05-26 11:30:50+00
Average number of children born by age,,Ethnic group,37144,Tuvaluan,2023,Census,Five year age group,10,45-49 years,,,,Average,3.300000,children,1,,,,,2024-09-13 11:30:55+00
Average number of children born by age,,Ethnic group,37144,Tuvaluan,2023,Census,Five year age group,11,50-54 years,,,,Average,3.700000,children,1,,,,,2024-09-13 11:30:55+00
Average number of children born by age,,Ethnic group,37144,Tuvaluan,2023,Census,Five year age group,12,55-59 years,,,,Average,3.400000,children,1,,,,,2024-09-13 11:30:55+00
Average number of children born by age,,Ethnic group,37144,Tuvaluan,2023,Census,Five year age group,13,60-64 years,,,,Average,3.600000,children,1,,,,,2024-09-13 11:30:55+00
Average number of children born by age,,Ethnic group,37144,Tuvaluan,2023,Census,Five year age group,14,65-69 years,,,,Average,3.300000,children,1,,,,,2024-09-13 11:30:55+00
Average number of children born by age,,Ethnic group,37144,Tuvaluan,2023,Census,Five year age group,15,70-74 years,,,,Average,4.100000,children,1,,,,,2024-09-13 11:30:55+00
Average number of children born by age,,Ethnic group,37144,Tuvaluan,2023,Census,Five year age group,16,75-79 years,,,,Average,4.100000,children,1,,,,,2024-09-13 11:30:55+00
Average number of children born by age,,Ethnic group,37144,Tuvaluan,2023,Census,Five year age group,17,80-84 years,,,,Average,3.500000,children,1,,,,,2024-09-13 11:30:55+00
Average number of children born by age,,Ethnic group,37144,Tuvaluan,2023,Census,Five year age group,18,85-89 years,,,,Average,,children,1,C,confidential,,,2024-09-13 11:30:55+00
Average number of children born by age,,Ethnic group,37144,Tuvaluan,2023,Census,Five year age group,19,90 years and over,,,,Average,,children,1,C,confidential,,,2024-09-13 11:30:55+00
Average number of children born by age,,Ethnic group,37144,Tuvaluan,2023,Census,Five year age group,4,15-19 years,,,,Average,0.000000,children,1,,,,,2024-09-13 11:30:55+00
Average number of children born by age,,Ethnic group,37144,Tuvaluan,2023,Census,Five year age group,5,20-24 years,,,,Average,0.300000,children,1,,,,,2024-09-13 11:30:55+00
Average number of children born by age,,Ethnic group,37144,Tuvaluan,2023,Census,Five year age group,6,25-29 years,,,,Average,1.100000,children,1,,,,,2024-09-13 11:30:55+00
Average number of children born by age,,Ethnic group,37144,Tuvaluan,2023,Census,Five year age group,7,30-34 years,,,,Average,2.200000,children,1,,,,,2024-09-13 11:30:55+00
Average number of children born by age,,Ethnic group,37144,Tuvaluan,2023,Census,Five year age group,8,35-39 years,,,,Average,3.100000,children,1,,,,,2024-09-13 11:30:55+00
Average number of children born by age,,Ethnic group,37144,Tuvaluan,2023,Census,Five year age group,9,40-44 years,,,,Average,3.400000,children,1,,,,,2024-09-13 11:30:55+00
Life expectancy at birth by sex,,Ethnic group,37144,Tuvaluan,2005-2007,,Sex,1,Male / Tāne,,,,Median,,years,1,..,not available,,,2024-03-15 11:15:45+00
Life expectancy at birth by sex,,Ethnic group,37144,Tuvaluan,2012-2014,,Sex,1,Male / Tāne,,,,Median,,years,1,..,not available,,,2024-03-15 11:15:45+00
Life expectancy at birth by sex,,Ethnic group,37144,Tuvaluan,2017-2019,,Sex,1,Male / Tāne,,,,Median,,years,1,..,not available,,,2024-03-15 11:15:45+00
Life expectancy at birth by sex,,Ethnic group,37144,Tuvaluan,2022-2024,,Sex,1,Male / Tāne,,,,Median,,years,1,..,not available,,,2025-10-23 10:23:10+00
Life expectancy at birth by sex,,Ethnic group,37144,Tuvaluan,2005-2007,,Sex,2,Female / Wahine,,,,Median,,years,1,..,not available,,,2024-03-15 11:15:45+00
Life expectancy at birth by sex,,Ethnic group,37144,Tuvaluan,2012-2014,,Sex,2,Female / Wahine,,,,Median,,years,1,..,not available,,,2024-03-15 11:15:45+00
Life expectancy at birth by sex,,Ethnic group,37144,Tuvaluan,2017-2019,,Sex,2,Female / Wahine,,,,Median,,years,1,..,not available,,,2024-03-15 11:15:45+00
Life expectancy at birth by sex,,Ethnic group,37144,Tuvaluan,2022-2024,,Sex,2,Female / Wahine,,,,Median,,years,1,..,not available,,,2025-10-23 10:23:10+00
Regional council area of usual residence,,Ethnic group,37144,Tuvaluan,2023,Census,Regional council,1,Northland Region,,,,Count,219.000000,,0,,,,,2024-07-15 10:13:49+00
Regional council area of usual residence,,Ethnic group,37144,Tuvaluan,2023,Census,Regional council,12,West Coast Region,,,,Count,9.000000,,0,,,,,2024-07-15 10:13:49+00
Regional council area of usual residence,,Ethnic group,37144,Tuvaluan,2023,Census,Regional council,13,Canterbury Region,,,,Count,141.000000,,0,,,,,2024-07-15 10:13:49+00
Regional council area of usual residence,,Ethnic group,37144,Tuvaluan,2023,Census,Regional council,14,Otago Region,,,,Count,333.000000,,0,,,,,2024-07-15 10:13:49+00
Regional council area of usual residence,,Ethnic group,37144,Tuvaluan,2023,Census,Regional council,15,Southland Region,,,,Count,39.000000,,0,,,,,2024-07-15 10:13:49+00
Regional council area of usual residence,,Ethnic group,37144,Tuvaluan,2023,Census,Regional council,16,Tasman Region,,,,Count,12.000000,,0,,,,,2024-07-15 10:13:49+00
Regional council area of usual residence,,Ethnic group,37144,Tuvaluan,2023,Census,Regional council,17,Nelson Region,,,,Count,9.000000,,0,,,,,2024-07-15 10:13:49+00
Regional council area of usual residence,,Ethnic group,37144,Tuvaluan,2023,Census,Regional council,18,Marlborough Region,,,,Count,24.000000,,0,,,,,2024-07-15 10:13:49+00
Regional council area of usual residence,,Ethnic group,37144,Tuvaluan,2023,Census,Regional council,2,Auckland Region,,,,Count,4416.000000,,0,,,,,2024-07-15 10:13:49+00
Regional council area of usual residence,,Ethnic group,37144,Tuvaluan,2023,Census,Regional council,3,Waikato Region,,,,Count,210.000000,,0,,,,,2024-07-15 10:13:49+00
Regional council area of usual residence,,Ethnic group,37144,Tuvaluan,2023,Census,Regional council,4,Bay of Plenty Region,,,,Count,240.000000,,0,,,,,2024-07-15 10:13:49+00
Regional council area of usual residence,,Ethnic group,37144,Tuvaluan,2023,Census,Regional council,5,Gisborne Region,,,,Count,15.000000,,0,,,,,2024-07-15 10:13:49+00
Regional council area of usual residence,,Ethnic group,37144,Tuvaluan,2023,Census,Regional council,6,Hawke's Bay Region,,,,Count,141.000000,,0,,,,,2024-07-15 10:13:49+00
Regional council area of usual residence,,Ethnic group,37144,Tuvaluan,2023,Census,Regional council,7,Taranaki Region,,,,Count,45.000000,,0,,,,,2024-07-15 10:13:49+00
Regional council area of usual residence,,Ethnic group,37144,Tuvaluan,2023,Census,Regional council,8,Manawatū-Whanganui Region,,,,Count,132.000000,,0,,,,,2024-07-15 10:13:49+00
Regional council area of usual residence,,Ethnic group,37144,Tuvaluan,2023,Census,Regional council,9,Wellington Region,,,,Count,597.000000,,0,,,,,2024-07-15 10:13:49+00
Regional council area of usual residence,,Ethnic group,37144,Tuvaluan,2023,Census,Regional council,99,Area Outside Region,,,,Count,0.000000,,0,,,,,2024-07-15 10:13:49+00
Regional council area of usual residence,,Ethnic group,37144,Tuvaluan,2023,Census,Regional council,1,Northland Region,,,,Percent,3.300000,percent,1,,,,,2024-07-15 10:14:19+00
Regional council area of usual residence,,Ethnic group,37144,Tuvaluan,2023,Census,Regional council,12,West Coast Region,,,,Percent,0.100000,percent,1,,,,,2024-07-15 10:14:19+00
Regional council area of usual residence,,Ethnic group,37144,Tuvaluan,2023,Census,Regional council,13,Canterbury Region,,,,Percent,2.100000,percent,1,,,,,2024-07-15 10:14:19+00
Regional council area of usual residence,,Ethnic group,37144,Tuvaluan,2023,Census,Regional council,14,Otago Region,,,,Percent,5.100000,percent,1,,,,,2024-07-15 10:14:19+00
Regional council area of usual residence,,Ethnic group,37144,Tuvaluan,2023,Census,Regional council,15,Southland Region,,,,Percent,0.600000,percent,1,,,,,2024-07-15 10:14:19+00
Regional council area of usual residence,,Ethnic group,37144,Tuvaluan,2023,Census,Regional council,16,Tasman Region,,,,Percent,0.200000,percent,1,,,,,2024-07-15 10:14:19+00
Regional council area of usual residence,,Ethnic group,37144,Tuvaluan,2023,Census,Regional council,17,Nelson Region,,,,Percent,0.100000,percent,1,,,,,2024-07-15 10:14:19+00
Regional council area of usual residence,,Ethnic group,37144,Tuvaluan,2023,Census,Regional council,18,Marlborough Region,,,,Percent,0.400000,percent,1,,,,,2024-07-15 10:14:19+00
Regional council area of usual residence,,Ethnic group,37144,Tuvaluan,2023,Census,Regional council,2,Auckland Region,,,,Percent,67.100000,percent,1,,,,,2024-07-15 10:14:19+00
Regional council area of usual residence,,Ethnic group,37144,Tuvaluan,2023,Census,Regional council,3,Waikato Region,,,,Percent,3.200000,percent,1,,,,,2024-07-15 10:14:19+00
Regional council area of usual residence,,Ethnic group,37144,Tuvaluan,2023,Census,Regional council,4,Bay of Plenty Region,,,,Percent,3.600000,percent,1,,,,,2024-07-15 10:14:19+00
Regional council area of usual residence,,Ethnic group,37144,Tuvaluan,2023,Census,Regional council,5,Gisborne Region,,,,Percent,0.200000,percent,1,,,,,2024-07-15 10:14:19+00
Regional council area of usual residence,,Ethnic group,37144,Tuvaluan,2023,Census,Regional council,6,Hawke's Bay Region,,,,Percent,2.100000,percent,1,,,,,2024-07-15 10:14:19+00
Regional council area of usual residence,,Ethnic group,37144,Tuvaluan,2023,Census,Regional council,7,Taranaki Region,,,,Percent,0.700000,percent,1,,,,,2024-07-15 10:14:19+00
Regional council area of usual residence,,Ethnic group,37144,Tuvaluan,2023,Census,Regional council,8,Manawatū-Whanganui Region,,,,Percent,2.000000,percent,1,,,,,2024-07-15 10:14:19+00
Regional council area of usual residence,,Ethnic group,37144,Tuvaluan,2023,Census,Regional council,9,Wellington Region,,,,Percent,9.100000,percent,1,,,,,2024-07-15 10:14:19+00
Regional council area of usual residence,,Ethnic group,37144,Tuvaluan,2023,Census,Regional council,99,Area Outside Region,,,,Percent,0.000000,percent,1,,,,,2024-07-15 10:14:19+00
Auckland local board area of usual residence,,Ethnic group,37144,Tuvaluan,2023,Census,Auckland local board,7601,Rodney Local Board Area,,,,Count,126.000000,,0,,,,,2024-07-15 11:36:53+00
Auckland local board area of usual residence,,Ethnic group,37144,Tuvaluan,2023,Census,Auckland local board,7602,Hibiscus and Bays Local Board Area,,,,Count,39.000000,,0,,,,,2024-07-15 11:36:53+00
Auckland local board area of usual residence,,Ethnic group,37144,Tuvaluan,2023,Census,Auckland local board,7603,Upper Harbour Local Board Area,,,,Count,66.000000,,0,,,,,2024-07-15 11:36:53+00
Auckland local board area of usual residence,,Ethnic group,37144,Tuvaluan,2023,Census,Auckland local board,7604,Kaipātiki Local Board Area,,,,Count,81.000000,,0,,,,,2024-07-15 11:36:53+00
Auckland local board area of usual residence,,Ethnic group,37144,Tuvaluan,2023,Census,Auckland local board,7605,Devonport-Takapuna Local Board Area,,,,Count,27.000000,,0,,,,,2024-07-15 11:36:53+00
Auckland local board area of usual residence,,Ethnic group,37144,Tuvaluan,2023,Census,Auckland local board,7606,Henderson-Massey Local Board Area,,,,Count,2250.000000,,0,,,,,2024-07-15 11:36:53+00
Auckland local board area of usual residence,,Ethnic group,37144,Tuvaluan,2023,Census,Auckland local board,7607,Waitākere Ranges Local Board Area,,,,Count,330.000000,,0,,,,,2024-07-15 11:36:53+00
Auckland local board area of usual residence,,Ethnic group,37144,Tuvaluan,2023,Census,Auckland local board,7608,Aotea/Great Barrier Local Board Area,,,,Count,0.000000,,0,,,,,2024-07-15 11:36:53+00
Auckland local board area of usual residence,,Ethnic group,37144,Tuvaluan,2023,Census,Auckland local board,7609,Waiheke Local Board Area,,,,Count,0.000000,,0,,,,,2024-07-15 11:36:53+00
Auckland local board area of usual residence,,Ethnic group,37144,Tuvaluan,2023,Census,Auckland local board,7610,Waitematā Local Board Area,,,,Count,33.000000,,0,,,,,2024-07-15 11:36:53+00
Auckland local board area of usual residence,,Ethnic group,37144,Tuvaluan,2023,Census,Auckland local board,7611,Whau Local Board Area,,,,Count,381.000000,,0,,,,,2024-07-15 11:36:53+00
Auckland local board area of usual residence,,Ethnic group,37144,Tuvaluan,2023,Census,Auckland local board,7612,Albert-Eden Local Board Area,,,,Count,39.000000,,0,,,,,2024-07-15 11:36:53+00
Auckland local board area of usual residence,,Ethnic group,37144,Tuvaluan,2023,Census,Auckland local board,7613,Puketāpapa Local Board Area,,,,Count,54.000000,,0,,,,,2024-07-15 11:36:53+00
Auckland local board area of usual residence,,Ethnic group,37144,Tuvaluan,2023,Census,Auckland local board,7614,Ōrākei Local Board Area,,,,Count,15.000000,,0,,,,,2024-07-15 11:36:53+00
Auckland local board area of usual residence,,Ethnic group,37144,Tuvaluan,2023,Census,Auckland local board,7615,Maungakiekie-Tāmaki Local Board Area,,,,Count,123.000000,,0,,,,,2024-07-15 11:36:53+00
Auckland local board area of usual residence,,Ethnic group,37144,Tuvaluan,2023,Census,Auckland local board,7616,Howick Local Board Area,,,,Count,45.000000,,0,,,,,2024-07-15 11:36:53+00
Auckland local board area of usual residence,,Ethnic group,37144,Tuvaluan,2023,Census,Auckland local board,7617,Māngere-Ōtāhuhu Local Board Area,,,,Count,255.000000,,0,,,,,2024-07-15 11:36:53+00
Auckland local board area of usual residence,,Ethnic group,37144,Tuvaluan,2023,Census,Auckland local board,7618,Ōtara-Papatoetoe Local Board Area,,,,Count,135.000000,,0,,,,,2024-07-15 11:36:53+00
Auckland local board area of usual residence,,Ethnic group,37144,Tuvaluan,2023,Census,Auckland local board,7619,Manurewa Local Board Area,,,,Count,204.000000,,0,,,,,2024-07-15 11:36:53+00
Auckland local board area of usual residence,,Ethnic group,37144,Tuvaluan,2023,Census,Auckland local board,7620,Papakura Local Board Area,,,,Count,108.000000,,0,,,,,2024-07-15 11:36:53+00
Auckland local board area of usual residence,,Ethnic group,37144,Tuvaluan,2023,Census,Auckland local board,7621,Franklin Local Board Area,,,,Count,111.000000,,0,,,,,2024-07-15 11:36:53+00
Auckland local board area of usual residence,,Ethnic group,37144,Tuvaluan,2023,Census,Auckland local board,7601,Rodney Local Board Area,,,,Percent,1.900000,percent,1,,,,,2024-07-15 11:37:27+00
Auckland local board area of usual residence,,Ethnic group,37144,Tuvaluan,2023,Census,Auckland local board,7602,Hibiscus and Bays Local Board Area,,,,Percent,0.600000,percent,1,,,,,2024-07-15 11:37:27+00
Auckland local board area of usual residence,,Ethnic group,37144,Tuvaluan,2023,Census,Auckland local board,7603,Upper Harbour Local Board Area,,,,Percent,1.000000,percent,1,,,,,2024-07-15 11:37:27+00
Auckland local board area of usual residence,,Ethnic group,37144,Tuvaluan,2023,Census,Auckland local board,7604,Kaipātiki Local Board Area,,,,Percent,1.200000,percent,1,,,,,2024-07-15 11:37:27+00
Auckland local board area of usual residence,,Ethnic group,37144,Tuvaluan,2023,Census,Auckland local board,7605,Devonport-Takapuna Local Board Area,,,,Percent,0.400000,percent,1,,,,,2024-07-15 11:37:27+00
Auckland local board area of usual residence,,Ethnic group,37144,Tuvaluan,2023,Census,Auckland local board,7606,Henderson-Massey Local Board Area,,,,Percent,34.200000,percent,1,,,,,2024-07-15 11:37:27+00
Auckland local board area of usual residence,,Ethnic group,37144,Tuvaluan,2023,Census,Auckland local board,7607,Waitākere Ranges Local Board Area,,,,Percent,5.000000,percent,1,,,,,2024-07-15 11:37:27+00
Auckland local board area of usual residence,,Ethnic group,37144,Tuvaluan,2023,Census,Auckland local board,7608,Aotea/Great Barrier Local Board Area,,,,Percent,0.000000,percent,1,,,,,2024-07-15 11:37:27+00
Auckland local board area of usual residence,,Ethnic group,37144,Tuvaluan,2023,Census,Auckland local board,7609,Waiheke Local Board Area,,,,Percent,0.000000,percent,1,,,,,2024-07-15 11:37:27+00
Auckland local board area of usual residence,,Ethnic group,37144,Tuvaluan,2023,Census,Auckland local board,7610,Waitematā Local Board Area,,,,Percent,0.500000,percent,1,,,,,2024-07-15 11:37:27+00
Auckland local board area of usual residence,,Ethnic group,37144,Tuvaluan,2023,Census,Auckland local board,7611,Whau Local Board Area,,,,Percent,5.800000,percent,1,,,,,2024-07-15 11:37:27+00
Auckland local board area of usual residence,,Ethnic group,37144,Tuvaluan,2023,Census,Auckland local board,7612,Albert-Eden Local Board Area,,,,Percent,0.600000,percent,1,,,,,2024-07-15 11:37:27+00
Auckland local board area of usual residence,,Ethnic group,37144,Tuvaluan,2023,Census,Auckland local board,7613,Puketāpapa Local Board Area,,,,Percent,0.800000,percent,1,,,,,2024-07-15 11:37:27+00
Auckland local board area of usual residence,,Ethnic group,37144,Tuvaluan,2023,Census,Auckland local board,7614,Ōrākei Local Board Area,,,,Percent,0.200000,percent,1,,,,,2024-07-15 11:37:27+00
Auckland local board area of usual residence,,Ethnic group,37144,Tuvaluan,2023,Census,Auckland local board,7615,Maungakiekie-Tāmaki Local Board Area,,,,Percent,1.900000,percent,1,,,,,2024-07-15 11:37:27+00
Auckland local board area of usual residence,,Ethnic group,37144,Tuvaluan,2023,Census,Auckland local board,7616,Howick Local Board Area,,,,Percent,0.700000,percent,1,,,,,2024-07-15 11:37:27+00
Auckland local board area of usual residence,,Ethnic group,37144,Tuvaluan,2023,Census,Auckland local board,7617,Māngere-Ōtāhuhu Local Board Area,,,,Percent,3.900000,percent,1,,,,,2024-07-15 11:37:27+00
Auckland local board area of usual residence,,Ethnic group,37144,Tuvaluan,2023,Census,Auckland local board,7618,Ōtara-Papatoetoe Local Board Area,,,,Percent,2.100000,percent,1,,,,,2024-07-15 11:37:27+00
Auckland local board area of usual residence,,Ethnic group,37144,Tuvaluan,2023,Census,Auckland local board,7619,Manurewa Local Board Area,,,,Percent,3.100000,percent,1,,,,,2024-07-15 11:37:27+00
Auckland local board area of usual residence,,Ethnic group,37144,Tuvaluan,2023,Census,Auckland local board,7620,Papakura Local Board Area,,,,Percent,1.600000,percent,1,,,,,2024-07-15 11:37:27+00
Auckland local board area of usual residence,,Ethnic group,37144,Tuvaluan,2023,Census,Auckland local board,7621,Franklin Local Board Area,,,,Percent,1.700000,percent,1,,,,,2024-07-15 11:37:27+00
Usual residence five years ago,,Ethnic group,37144,Tuvaluan,2023,Census,Usual residence five years ago summary,10,Same as usual residence,,,,Count,1812.000000,,0,,,,,2024-07-25 12:02:45+00
Usual residence five years ago,,Ethnic group,37144,Tuvaluan,2023,Census,Usual residence five years ago summary,25,Same Regional Council Area,,,,Count,2661.000000,,0,,,,,2024-07-25 12:02:45+00
Usual residence five years ago,,Ethnic group,37144,Tuvaluan,2023,Census,Usual residence five years ago summary,26,Different Regional Council Area same island,,,,Count,474.000000,,0,,,,,2024-07-25 12:02:45+00
Usual residence five years ago,,Ethnic group,37144,Tuvaluan,2023,Census,Usual residence five years ago summary,27,Different Regional Council Area different island,,,,Count,159.000000,,0,,,,,2024-07-25 12:02:45+00
Usual residence five years ago,,Ethnic group,37144,Tuvaluan,2023,Census,Usual residence five years ago summary,28,Area outside Regional Council Area,,,,Count,0.000000,,0,,,,,2024-07-25 12:02:45+00
Usual residence five years ago,,Ethnic group,37144,Tuvaluan,2023,Census,Usual residence five years ago summary,30,Not born five years ago,,,,Count,840.000000,,0,,,,,2024-07-25 12:02:45+00
Usual residence five years ago,,Ethnic group,37144,Tuvaluan,2023,Census,Usual residence five years ago summary,40,Overseas,,,,Count,366.000000,,0,,,,,2024-07-25 12:02:45+00
Usual residence five years ago,,Ethnic group,37144,Tuvaluan,2023,Census,Usual residence five years ago summary,50,No fixed abode five years ago,,,,Count,0.000000,,0,,,,,2024-07-25 12:02:45+00
Usual residence five years ago,,Ethnic group,37144,Tuvaluan,2023,Census,Usual residence five years ago summary,10,Same as usual residence,,,,Percent,28.700000,percent,1,,,,,2024-07-25 12:03:00+00
Usual residence five years ago,,Ethnic group,37144,Tuvaluan,2023,Census,Usual residence five years ago summary,25,Same Regional Council Area,,,,Percent,42.200000,percent,1,,,,,2024-07-25 12:03:00+00
Usual residence five years ago,,Ethnic group,37144,Tuvaluan,2023,Census,Usual residence five years ago summary,26,Different Regional Council Area same island,,,,Percent,7.500000,percent,1,,,,,2024-07-25 12:03:00+00
Usual residence five years ago,,Ethnic group,37144,Tuvaluan,2023,Census,Usual residence five years ago summary,27,Different Regional Council Area different island,,,,Percent,2.500000,percent,1,,,,,2024-07-25 12:03:00+00
Usual residence five years ago,,Ethnic group,37144,Tuvaluan,2023,Census,Usual residence five years ago summary,28,Area outside Regional Council Area,,,,Percent,0.000000,percent,1,,,,,2024-07-25 12:03:00+00
Usual residence five years ago,,Ethnic group,37144,Tuvaluan,2023,Census,Usual residence five years ago summary,30,Not born five years ago,,,,Percent,13.300000,percent,1,,,,,2024-07-25 12:03:00+00
Usual residence five years ago,,Ethnic group,37144,Tuvaluan,2023,Census,Usual residence five years ago summary,40,Overseas,,,,Percent,5.800000,percent,1,,,,,2024-07-25 12:03:00+00
Usual residence five years ago,,Ethnic group,37144,Tuvaluan,2023,Census,Usual residence five years ago summary,50,No fixed abode five years ago,,,,Percent,0.000000,percent,1,,,,,2024-07-25 12:03:00+00
Number of ethnic groups,,Ethnic group,37144,Tuvaluan,2013,Census,Number of ethnic groups,1,One,,,,Count,2679.000000,,0,,,,,2024-07-15 10:48:44+00
Number of ethnic groups,,Ethnic group,37144,Tuvaluan,2018,Census,Number of ethnic groups,1,One,,,,Count,3351.000000,,0,,,,,2024-07-15 10:48:44+00
Number of ethnic groups,,Ethnic group,37144,Tuvaluan,2023,Census,Number of ethnic groups,1,One,,,,Count,4500.000000,,0,,,,,2024-07-15 10:48:44+00
Number of ethnic groups,,Ethnic group,37144,Tuvaluan,2013,Census,Number of ethnic groups,2,Two,,,,Count,594.000000,,0,,,,,2024-07-15 10:48:44+00
Number of ethnic groups,,Ethnic group,37144,Tuvaluan,2018,Census,Number of ethnic groups,2,Two,,,,Count,915.000000,,0,,,,,2024-07-15 10:48:44+00
Number of ethnic groups,,Ethnic group,37144,Tuvaluan,2023,Census,Number of ethnic groups,2,Two,,,,Count,1428.000000,,0,,,,,2024-07-15 10:48:44+00
Number of ethnic groups,,Ethnic group,37144,Tuvaluan,2013,Census,Number of ethnic groups,3,Three,,,,Count,201.000000,,0,,,,,2024-07-15 10:48:44+00
Number of ethnic groups,,Ethnic group,37144,Tuvaluan,2018,Census,Number of ethnic groups,3,Three,,,,Count,258.000000,,0,,,,,2024-07-15 10:48:44+00
Number of ethnic groups,,Ethnic group,37144,Tuvaluan,2023,Census,Number of ethnic groups,3,Three,,,,Count,447.000000,,0,,,,,2024-07-15 10:48:44+00
Number of ethnic groups,,Ethnic group,37144,Tuvaluan,2013,Census,Number of ethnic groups,4,Four,,,,Count,48.000000,,0,,,,,2024-07-15 10:48:44+00
Number of ethnic groups,,Ethnic group,37144,Tuvaluan,2018,Census,Number of ethnic groups,4,Four,,,,Count,72.000000,,0,,,,,2024-07-15 10:48:44+00
Number of ethnic groups,,Ethnic group,37144,Tuvaluan,2023,Census,Number of ethnic groups,4,Four,,,,Count,132.000000,,0,,,,,2024-07-15 10:48:44+00
Number of ethnic groups,,Ethnic group,37144,Tuvaluan,2013,Census,Number of ethnic groups,5,Five,,,,Count,12.000000,,0,,,,,2024-07-15 10:48:44+00
Number of ethnic groups,,Ethnic group,37144,Tuvaluan,2018,Census,Number of ethnic groups,5,Five,,,,Count,33.000000,,0,,,,,2024-07-15 10:48:44+00
Number of ethnic groups,,Ethnic group,37144,Tuvaluan,2023,Census,Number of ethnic groups,5,Five,,,,Count,54.000000,,0,,,,,2024-07-15 10:48:44+00
Number of ethnic groups,,Ethnic group,37144,Tuvaluan,2013,Census,Number of ethnic groups,6,Six,,,,Count,6.000000,,0,,,,,2024-07-15 10:48:44+00
Number of ethnic groups,,Ethnic group,37144,Tuvaluan,2018,Census,Number of ethnic groups,6,Six,,,,Count,24.000000,,0,,,,,2024-07-15 10:48:44+00
Number of ethnic groups,,Ethnic group,37144,Tuvaluan,2023,Census,Number of ethnic groups,6,Six,,,,Count,24.000000,,0,,,,,2024-07-15 10:48:44+00
Number of ethnic groups,,Ethnic group,37144,Tuvaluan,2013,Census,Number of ethnic groups,1,One,,,,Percent,75.700000,percent,1,,,,,2024-07-15 10:49:10+00
Number of ethnic groups,,Ethnic group,37144,Tuvaluan,2018,Census,Number of ethnic groups,1,One,,,,Percent,72.000000,percent,1,,,,,2024-07-15 10:49:10+00
Number of ethnic groups,,Ethnic group,37144,Tuvaluan,2023,Census,Number of ethnic groups,1,One,,,,Percent,68.300000,percent,1,,,,,2024-07-15 10:49:10+00
Number of ethnic groups,,Ethnic group,37144,Tuvaluan,2013,Census,Number of ethnic groups,2,Two,,,,Percent,16.800000,percent,1,,,,,2024-07-15 10:49:10+00
Number of ethnic groups,,Ethnic group,37144,Tuvaluan,2018,Census,Number of ethnic groups,2,Two,,,,Percent,19.700000,percent,1,,,,,2024-07-15 10:49:10+00
Number of ethnic groups,,Ethnic group,37144,Tuvaluan,2023,Census,Number of ethnic groups,2,Two,,,,Percent,21.700000,percent,1,,,,,2024-07-15 10:49:10+00
Number of ethnic groups,,Ethnic group,37144,Tuvaluan,2013,Census,Number of ethnic groups,3,Three,,,,Percent,5.700000,percent,1,,,,,2024-07-15 10:49:10+00
Number of ethnic groups,,Ethnic group,37144,Tuvaluan,2018,Census,Number of ethnic groups,3,Three,,,,Percent,5.500000,percent,1,,,,,2024-07-15 10:49:10+00
Number of ethnic groups,,Ethnic group,37144,Tuvaluan,2023,Census,Number of ethnic groups,3,Three,,,,Percent,6.800000,percent,1,,,,,2024-07-15 10:49:10+00
Number of ethnic groups,,Ethnic group,37144,Tuvaluan,2013,Census,Number of ethnic groups,4,Four,,,,Percent,1.400000,percent,1,,,,,2024-07-15 10:49:10+00
Number of ethnic groups,,Ethnic group,37144,Tuvaluan,2018,Census,Number of ethnic groups,4,Four,,,,Percent,1.500000,percent,1,,,,,2024-07-15 10:49:10+00
Number of ethnic groups,,Ethnic group,37144,Tuvaluan,2023,Census,Number of ethnic groups,4,Four,,,,Percent,2.000000,percent,1,,,,,2024-07-15 10:49:10+00
Number of ethnic groups,,Ethnic group,37144,Tuvaluan,2013,Census,Number of ethnic groups,5,Five,,,,Percent,0.300000,percent,1,,,,,2024-07-15 10:49:10+00
Number of ethnic groups,,Ethnic group,37144,Tuvaluan,2018,Census,Number of ethnic groups,5,Five,,,,Percent,0.700000,percent,1,,,,,2024-07-15 10:49:10+00
Number of ethnic groups,,Ethnic group,37144,Tuvaluan,2023,Census,Number of ethnic groups,5,Five,,,,Percent,0.800000,percent,1,,,,,2024-07-15 10:49:10+00
Number of ethnic groups,,Ethnic group,37144,Tuvaluan,2013,Census,Number of ethnic groups,6,Six,,,,Percent,0.200000,percent,1,,,,,2024-07-15 10:49:10+00
Number of ethnic groups,,Ethnic group,37144,Tuvaluan,2018,Census,Number of ethnic groups,6,Six,,,,Percent,0.500000,percent,1,,,,,2024-07-15 10:49:10+00
Number of ethnic groups,,Ethnic group,37144,Tuvaluan,2023,Census,Number of ethnic groups,6,Six,,,,Percent,0.400000,percent,1,,,,,2024-07-15 10:49:10+00
Birthplace,,Ethnic group,37144,Tuvaluan,2023,Census,Birthplace broad regions,0,New Zealand,,,,Count,3456.000000,,0,,,,,2024-07-15 10:52:57+00
Birthplace,,Ethnic group,37144,Tuvaluan,2023,Census,Birthplace broad regions,1,Australia,,,,Count,39.000000,,0,,,,,2024-07-15 10:52:57+00
Birthplace,,Ethnic group,37144,Tuvaluan,2023,Census,Birthplace broad regions,2,Pacific Islands,,,,Count,2955.000000,,0,,,,,2024-07-15 10:52:57+00
Birthplace,,Ethnic group,37144,Tuvaluan,2023,Census,Birthplace broad regions,3,United Kingdom and Ireland,,,,Count,3.000000,,0,,,,,2024-07-15 10:52:57+00
Birthplace,,Ethnic group,37144,Tuvaluan,2023,Census,Birthplace broad regions,4,Europe (excl United Kingdom and Ireland),,,,Count,3.000000,,0,,,,,2024-07-15 10:52:57+00
Birthplace,,Ethnic group,37144,Tuvaluan,2023,Census,Birthplace broad regions,5,North America,,,,Count,3.000000,,0,,,,,2024-07-15 10:52:57+00
Birthplace,,Ethnic group,37144,Tuvaluan,2023,Census,Birthplace broad regions,6,Asia,,,,Count,3.000000,,0,,,,,2024-07-15 10:52:57+00
Birthplace,,Ethnic group,37144,Tuvaluan,2023,Census,Birthplace broad regions,7,Middle East and Africa,,,,Count,0.000000,,0,,,,,2024-07-15 10:52:57+00
Birthplace,,Ethnic group,37144,Tuvaluan,2023,Census,Birthplace broad regions,8,Other,,,,Count,0.000000,,0,,,,,2024-07-15 10:52:57+00
Birthplace,,Ethnic group,37144,Tuvaluan,2023,Census,Birthplace broad regions,0,New Zealand,,,,Percent,53.400000,percent,1,,,,,2024-07-15 10:56:35+00
Birthplace,,Ethnic group,37144,Tuvaluan,2023,Census,Birthplace broad regions,1,Australia,,,,Percent,0.600000,percent,1,,,,,2024-07-15 10:56:35+00
Birthplace,,Ethnic group,37144,Tuvaluan,2023,Census,Birthplace broad regions,2,Pacific Islands,,,,Percent,45.700000,percent,1,,,,,2024-07-15 10:56:35+00
Birthplace,,Ethnic group,37144,Tuvaluan,2023,Census,Birthplace broad regions,3,United Kingdom and Ireland,,,,Percent,0.000000,percent,1,,,,,2024-07-15 10:56:35+00
Birthplace,,Ethnic group,37144,Tuvaluan,2023,Census,Birthplace broad regions,4,Europe (excl United Kingdom and Ireland),,,,Percent,0.000000,percent,1,,,,,2024-07-15 10:56:35+00
Birthplace,,Ethnic group,37144,Tuvaluan,2023,Census,Birthplace broad regions,5,North America,,,,Percent,0.000000,percent,1,,,,,2024-07-15 10:56:35+00
Birthplace,,Ethnic group,37144,Tuvaluan,2023,Census,Birthplace broad regions,6,Asia,,,,Percent,0.000000,percent,1,,,,,2024-07-15 10:56:35+00
Birthplace,,Ethnic group,37144,Tuvaluan,2023,Census,Birthplace broad regions,7,Middle East and Africa,,,,Percent,0.000000,percent,1,,,,,2024-07-15 10:56:35+00
Birthplace,,Ethnic group,37144,Tuvaluan,2023,Census,Birthplace broad regions,8,Other,,,,Percent,0.000000,percent,1,,,,,2024-07-15 10:56:35+00
People born overseas by age,,Ethnic group,37144,Tuvaluan,2023,Census,Life cycle age group,1,Under 15 years,,,,Count,264.000000,,0,,,,,2024-07-23 08:28:46+00
People born overseas by age,,Ethnic group,37144,Tuvaluan,2023,Census,Life cycle age group,2,15-29 years,,,,Count,678.000000,,0,,,,,2024-07-23 08:28:46+00
People born overseas by age,,Ethnic group,37144,Tuvaluan,2023,Census,Life cycle age group,3,30-64 years,,,,Count,1785.000000,,0,,,,,2024-07-23 08:28:46+00
People born overseas by age,,Ethnic group,37144,Tuvaluan,2023,Census,Life cycle age group,4,65 years and over,,,,Count,285.000000,,0,,,,,2024-07-23 08:28:46+00
People born overseas by age,,Ethnic group,37144,Tuvaluan,2023,Census,Life cycle age group,1,Under 15 years,,,,Percent,11.400000,percent,1,,,,,2024-07-23 08:33:03+00
People born overseas by age,,Ethnic group,37144,Tuvaluan,2023,Census,Life cycle age group,2,15-29 years,,,,Percent,37.000000,percent,1,,,,,2024-07-23 08:33:03+00
People born overseas by age,,Ethnic group,37144,Tuvaluan,2023,Census,Life cycle age group,3,30-64 years,,,,Percent,88.400000,percent,1,,,,,2024-07-23 08:33:03+00
People born overseas by age,,Ethnic group,37144,Tuvaluan,2023,Census,Life cycle age group,4,65 years and over,,,,Percent,97.900000,percent,1,,,,,2024-07-23 08:33:03+00
Years since arrival in New Zealand,,Ethnic group,37144,Tuvaluan,2023,Census,Years since arrival in New Zealand,1,Less than one year,,,,Count,189.000000,,0,,,,,2024-07-15 10:59:58+00
Years since arrival in New Zealand,,Ethnic group,37144,Tuvaluan,2023,Census,Years since arrival in New Zealand,2,1 year,,,,Count,24.000000,,0,,,,,2024-07-15 10:59:58+00
Years since arrival in New Zealand,,Ethnic group,37144,Tuvaluan,2023,Census,Years since arrival in New Zealand,3,2 years,,,,Count,24.000000,,0,,,,,2024-07-15 10:59:58+00
Years since arrival in New Zealand,,Ethnic group,37144,Tuvaluan,2023,Census,Years since arrival in New Zealand,4,3 years,,,,Count,129.000000,,0,,,,,2024-07-15 10:59:58+00
Years since arrival in New Zealand,,Ethnic group,37144,Tuvaluan,2023,Census,Years since arrival in New Zealand,5,4 years,,,,Count,126.000000,,0,,,,,2024-07-15 10:59:58+00
Years since arrival in New Zealand,,Ethnic group,37144,Tuvaluan,2023,Census,Years since arrival in New Zealand,6,5-9 years,,,,Count,468.000000,,0,,,,,2024-07-15 10:59:58+00
Years since arrival in New Zealand,,Ethnic group,37144,Tuvaluan,2023,Census,Years since arrival in New Zealand,7,10-19 years,,,,Count,804.000000,,0,,,,,2024-07-15 10:59:58+00
Years since arrival in New Zealand,,Ethnic group,37144,Tuvaluan,2023,Census,Years since arrival in New Zealand,8,20 years or more,,,,Count,1161.000000,,0,,,,,2024-07-15 10:59:58+00
Years since arrival in New Zealand,,Ethnic group,37144,Tuvaluan,2023,Census,Years since arrival in New Zealand,1,Less than one year,,,,Percent,6.400000,percent,1,,,,,2024-07-15 11:00:47+00
Years since arrival in New Zealand,,Ethnic group,37144,Tuvaluan,2023,Census,Years since arrival in New Zealand,2,1 year,,,,Percent,0.800000,percent,1,,,,,2024-07-15 11:00:47+00
Years since arrival in New Zealand,,Ethnic group,37144,Tuvaluan,2023,Census,Years since arrival in New Zealand,3,2 years,,,,Percent,0.800000,percent,1,,,,,2024-07-15 11:00:47+00
Years since arrival in New Zealand,,Ethnic group,37144,Tuvaluan,2023,Census,Years since arrival in New Zealand,4,3 years,,,,Percent,4.400000,percent,1,,,,,2024-07-15 11:00:47+00
Years since arrival in New Zealand,,Ethnic group,37144,Tuvaluan,2023,Census,Years since arrival in New Zealand,5,4 years,,,,Percent,4.300000,percent,1,,,,,2024-07-15 11:00:47+00
Years since arrival in New Zealand,,Ethnic group,37144,Tuvaluan,2023,Census,Years since arrival in New Zealand,6,5-9 years,,,,Percent,16.000000,percent,1,,,,,2024-07-15 11:00:47+00
Years since arrival in New Zealand,,Ethnic group,37144,Tuvaluan,2023,Census,Years since arrival in New Zealand,7,10-19 years,,,,Percent,27.400000,percent,1,,,,,2024-07-15 11:00:47+00
Years since arrival in New Zealand,,Ethnic group,37144,Tuvaluan,2023,Census,Years since arrival in New Zealand,8,20 years or more,,,,Percent,39.600000,percent,1,,,,,2024-07-15 11:00:47+00
Languages spoken,,Ethnic group,37144,Tuvaluan,2013,Census,Languages spoken,1,English,,,,Count,2961.000000,,0,,,,,2024-07-15 11:05:18+00
Languages spoken,,Ethnic group,37144,Tuvaluan,2018,Census,Languages spoken,1,English,,,,Count,4080.000000,,0,,,,,2024-07-15 11:05:18+00
Languages spoken,,Ethnic group,37144,Tuvaluan,2023,Census,Languages spoken,1,English,,,,Count,5733.000000,,0,,,,,2024-07-15 11:05:18+00
Languages spoken,,Ethnic group,37144,Tuvaluan,2013,Census,Languages spoken,10,German,,,,Count,3.000000,,0,,,,,2024-07-15 11:05:18+00
Languages spoken,,Ethnic group,37144,Tuvaluan,2018,Census,Languages spoken,10,German,,,,Count,0.000000,,0,,,,,2024-07-15 11:05:18+00
Languages spoken,,Ethnic group,37144,Tuvaluan,2023,Census,Languages spoken,10,German,,,,Count,3.000000,,0,,,,,2024-07-15 11:05:18+00
Languages spoken,,Ethnic group,37144,Tuvaluan,2013,Census,Languages spoken,11,Spanish,,,,Count,3.000000,,0,,,,,2024-07-15 11:05:18+00
Languages spoken,,Ethnic group,37144,Tuvaluan,2018,Census,Languages spoken,11,Spanish,,,,Count,0.000000,,0,,,,,2024-07-15 11:05:18+00
Languages spoken,,Ethnic group,37144,Tuvaluan,2023,Census,Languages spoken,11,Spanish,,,,Count,3.000000,,0,,,,,2024-07-15 11:05:18+00
Languages spoken,,Ethnic group,37144,Tuvaluan,2013,Census,Languages spoken,12,Afrikaans,,,,Count,0.000000,,0,,,,,2024-07-15 11:05:18+00
Languages spoken,,Ethnic group,37144,Tuvaluan,2018,Census,Languages spoken,12,Afrikaans,,,,Count,0.000000,,0,,,,,2024-07-15 11:05:18+00
Languages spoken,,Ethnic group,37144,Tuvaluan,2023,Census,Languages spoken,12,Afrikaans,,,,Count,0.000000,,0,,,,,2024-07-15 11:05:18+00
Languages spoken,,Ethnic group,37144,Tuvaluan,2013,Census,Languages spoken,13,Tongan,,,,Count,39.000000,,0,,,,,2024-07-15 11:05:18+00
Languages spoken,,Ethnic group,37144,Tuvaluan,2018,Census,Languages spoken,13,Tongan,,,,Count,75.000000,,0,,,,,2024-07-15 11:05:18+00
Languages spoken,,Ethnic group,37144,Tuvaluan,2023,Census,Languages spoken,13,Tongan,,,,Count,60.000000,,0,,,,,2024-07-15 11:05:18+00
Languages spoken,,Ethnic group,37144,Tuvaluan,2013,Census,Languages spoken,14,Panjabi,,,,Count,3.000000,,0,,,,,2024-07-15 11:05:18+00
Languages spoken,,Ethnic group,37144,Tuvaluan,2018,Census,Languages spoken,14,Panjabi,,,,Count,0.000000,,0,,,,,2024-07-15 11:05:18+00
Languages spoken,,Ethnic group,37144,Tuvaluan,2023,Census,Languages spoken,14,Panjabi,,,,Count,3.000000,,0,,,,,2024-07-15 11:05:18+00
Languages spoken,,Ethnic group,37144,Tuvaluan,2013,Census,Languages spoken,15,New Zealand Sign Language,,,,Count,18.000000,,0,,,,,2024-07-15 11:05:18+00
Languages spoken,,Ethnic group,37144,Tuvaluan,2018,Census,Languages spoken,15,New Zealand Sign Language,,,,Count,27.000000,,0,,,,,2024-07-15 11:05:18+00
Languages spoken,,Ethnic group,37144,Tuvaluan,2023,Census,Languages spoken,15,New Zealand Sign Language,,,,Count,33.000000,,0,,,,,2024-07-15 11:05:18+00
Languages spoken,,Ethnic group,37144,Tuvaluan,2013,Census,Languages spoken,16,Other,,,,Count,2178.000000,,0,,,,,2024-07-15 11:05:18+00
Languages spoken,,Ethnic group,37144,Tuvaluan,2018,Census,Languages spoken,16,Other,,,,Count,2349.000000,,0,,,,,2024-07-15 11:05:18+00
Languages spoken,,Ethnic group,37144,Tuvaluan,2023,Census,Languages spoken,16,Other,,,,Count,3156.000000,,0,,,,,2024-07-15 11:05:18+00
Languages spoken,,Ethnic group,37144,Tuvaluan,2013,Census,Languages spoken,17,None (eg too young to talk),,,,Count,138.000000,,0,,,,,2024-07-15 11:05:18+00
Languages spoken,,Ethnic group,37144,Tuvaluan,2018,Census,Languages spoken,17,None (eg too young to talk),,,,Count,288.000000,,0,,,,,2024-07-15 11:05:18+00
Languages spoken,,Ethnic group,37144,Tuvaluan,2023,Census,Languages spoken,17,None (eg too young to talk),,,,Count,402.000000,,0,,,,,2024-07-15 11:05:18+00
Languages spoken,,Ethnic group,37144,Tuvaluan,2013,Census,Languages spoken,2,Māori,,,,Count,39.000000,,0,,,,,2024-07-15 11:05:18+00
Languages spoken,,Ethnic group,37144,Tuvaluan,2018,Census,Languages spoken,2,Māori,,,,Count,45.000000,,0,,,,,2024-07-15 11:05:18+00
Languages spoken,,Ethnic group,37144,Tuvaluan,2023,Census,Languages spoken,2,Māori,,,,Count,72.000000,,0,,,,,2024-07-15 11:05:18+00
Languages spoken,,Ethnic group,37144,Tuvaluan,2013,Census,Languages spoken,3,Samoan,,,,Count,336.000000,,0,,,,,2024-07-15 11:05:18+00
Languages spoken,,Ethnic group,37144,Tuvaluan,2018,Census,Languages spoken,3,Samoan,,,,Count,441.000000,,0,,,,,2024-07-15 11:05:18+00
Languages spoken,,Ethnic group,37144,Tuvaluan,2023,Census,Languages spoken,3,Samoan,,,,Count,489.000000,,0,,,,,2024-07-15 11:05:18+00
Languages spoken,,Ethnic group,37144,Tuvaluan,2013,Census,Languages spoken,4,Northern Chinese,,,,Count,0.000000,,0,,,,,2024-07-15 11:05:18+00
Languages spoken,,Ethnic group,37144,Tuvaluan,2018,Census,Languages spoken,4,Northern Chinese,,,,Count,3.000000,,0,,,,,2024-07-15 11:05:18+00
Languages spoken,,Ethnic group,37144,Tuvaluan,2023,Census,Languages spoken,4,Northern Chinese,,,,Count,3.000000,,0,,,,,2024-07-15 11:05:18+00
Languages spoken,,Ethnic group,37144,Tuvaluan,2013,Census,Languages spoken,5,Hindi,,,,Count,9.000000,,0,,,,,2024-07-15 11:05:18+00
Languages spoken,,Ethnic group,37144,Tuvaluan,2018,Census,Languages spoken,5,Hindi,,,,Count,6.000000,,0,,,,,2024-07-15 11:05:18+00
Languages spoken,,Ethnic group,37144,Tuvaluan,2023,Census,Languages spoken,5,Hindi,,,,Count,9.000000,,0,,,,,2024-07-15 11:05:18+00
Languages spoken,,Ethnic group,37144,Tuvaluan,2013,Census,Languages spoken,6,French,,,,Count,6.000000,,0,,,,,2024-07-15 11:05:18+00
Languages spoken,,Ethnic group,37144,Tuvaluan,2018,Census,Languages spoken,6,French,,,,Count,0.000000,,0,,,,,2024-07-15 11:05:18+00
Languages spoken,,Ethnic group,37144,Tuvaluan,2023,Census,Languages spoken,6,French,,,,Count,3.000000,,0,,,,,2024-07-15 11:05:18+00
Languages spoken,,Ethnic group,37144,Tuvaluan,2013,Census,Languages spoken,7,Yue,,,,Count,3.000000,,0,,,,,2024-07-15 11:05:18+00
Languages spoken,,Ethnic group,37144,Tuvaluan,2018,Census,Languages spoken,7,Yue,,,,Count,0.000000,,0,,,,,2024-07-15 11:05:18+00
Languages spoken,,Ethnic group,37144,Tuvaluan,2023,Census,Languages spoken,7,Yue,,,,Count,3.000000,,0,,,,,2024-07-15 11:05:18+00
Languages spoken,,Ethnic group,37144,Tuvaluan,2013,Census,Languages spoken,8,Sinitic not further defined,,,,Count,0.000000,,0,,,,,2024-07-15 11:05:18+00
Languages spoken,,Ethnic group,37144,Tuvaluan,2018,Census,Languages spoken,8,Sinitic not further defined,,,,Count,0.000000,,0,,,,,2024-07-15 11:05:18+00
Languages spoken,,Ethnic group,37144,Tuvaluan,2023,Census,Languages spoken,8,Sinitic not further defined,,,,Count,9.000000,,0,,,,,2024-07-15 11:05:18+00
Languages spoken,,Ethnic group,37144,Tuvaluan,2013,Census,Languages spoken,9,Tagalog,,,,Count,0.000000,,0,,,,,2024-07-15 11:05:18+00
Languages spoken,,Ethnic group,37144,Tuvaluan,2018,Census,Languages spoken,9,Tagalog,,,,Count,0.000000,,0,,,,,2024-07-15 11:05:18+00
Languages spoken,,Ethnic group,37144,Tuvaluan,2023,Census,Languages spoken,9,Tagalog,,,,Count,0.000000,,0,,,,,2024-07-15 11:05:18+00
Languages spoken,,Ethnic group,37144,Tuvaluan,2013,Census,Languages spoken,1,English,,,,Percent,88.800000,percent,1,,,,,2024-07-15 11:09:27+00
Languages spoken,,Ethnic group,37144,Tuvaluan,2018,Census,Languages spoken,1,English,,,,Percent,87.700000,percent,1,,,,,2024-07-15 11:09:27+00
Languages spoken,,Ethnic group,37144,Tuvaluan,2023,Census,Languages spoken,1,English,,,,Percent,87.100000,percent,1,,,,,2024-07-15 11:09:27+00
Languages spoken,,Ethnic group,37144,Tuvaluan,2013,Census,Languages spoken,10,German,,,,Percent,0.100000,percent,1,,,,,2024-07-15 11:09:27+00
Languages spoken,,Ethnic group,37144,Tuvaluan,2018,Census,Languages spoken,10,German,,,,Percent,0.000000,percent,1,,,,,2024-07-15 11:09:27+00
Languages spoken,,Ethnic group,37144,Tuvaluan,2023,Census,Languages spoken,10,German,,,,Percent,0.000000,percent,1,,,,,2024-07-15 11:09:27+00
Languages spoken,,Ethnic group,37144,Tuvaluan,2013,Census,Languages spoken,11,Spanish,,,,Percent,0.100000,percent,1,,,,,2024-07-15 11:09:27+00
Languages spoken,,Ethnic group,37144,Tuvaluan,2018,Census,Languages spoken,11,Spanish,,,,Percent,0.000000,percent,1,,,,,2024-07-15 11:09:27+00
Languages spoken,,Ethnic group,37144,Tuvaluan,2023,Census,Languages spoken,11,Spanish,,,,Percent,0.000000,percent,1,,,,,2024-07-15 11:09:27+00
Languages spoken,,Ethnic group,37144,Tuvaluan,2013,Census,Languages spoken,12,Afrikaans,,,,Percent,0.000000,percent,1,,,,,2024-07-15 11:09:27+00
Languages spoken,,Ethnic group,37144,Tuvaluan,2018,Census,Languages spoken,12,Afrikaans,,,,Percent,0.000000,percent,1,,,,,2024-07-15 11:09:27+00
Languages spoken,,Ethnic group,37144,Tuvaluan,2023,Census,Languages spoken,12,Afrikaans,,,,Percent,0.000000,percent,1,,,,,2024-07-15 11:09:27+00
Languages spoken,,Ethnic group,37144,Tuvaluan,2013,Census,Languages spoken,13,Tongan,,,,Percent,1.200000,percent,1,,,,,2024-07-15 11:09:27+00
Languages spoken,,Ethnic group,37144,Tuvaluan,2018,Census,Languages spoken,13,Tongan,,,,Percent,1.600000,percent,1,,,,,2024-07-15 11:09:27+00
Languages spoken,,Ethnic group,37144,Tuvaluan,2023,Census,Languages spoken,13,Tongan,,,,Percent,0.900000,percent,1,,,,,2024-07-15 11:09:27+00
Languages spoken,,Ethnic group,37144,Tuvaluan,2013,Census,Languages spoken,14,Panjabi,,,,Percent,0.100000,percent,1,,,,,2024-07-15 11:09:27+00
Languages spoken,,Ethnic group,37144,Tuvaluan,2018,Census,Languages spoken,14,Panjabi,,,,Percent,0.000000,percent,1,,,,,2024-07-15 11:09:27+00
Languages spoken,,Ethnic group,37144,Tuvaluan,2023,Census,Languages spoken,14,Panjabi,,,,Percent,0.000000,percent,1,,,,,2024-07-15 11:09:27+00
Languages spoken,,Ethnic group,37144,Tuvaluan,2013,Census,Languages spoken,15,New Zealand Sign Language,,,,Percent,0.500000,percent,1,,,,,2024-07-15 11:09:27+00
Languages spoken,,Ethnic group,37144,Tuvaluan,2018,Census,Languages spoken,15,New Zealand Sign Language,,,,Percent,0.600000,percent,1,,,,,2024-07-15 11:09:27+00
Languages spoken,,Ethnic group,37144,Tuvaluan,2023,Census,Languages spoken,15,New Zealand Sign Language,,,,Percent,0.500000,percent,1,,,,,2024-07-15 11:09:27+00
Languages spoken,,Ethnic group,37144,Tuvaluan,2013,Census,Languages spoken,16,Other,,,,Percent,65.300000,percent,1,,,,,2024-07-15 11:09:27+00
Languages spoken,,Ethnic group,37144,Tuvaluan,2018,Census,Languages spoken,16,Other,,,,Percent,50.500000,percent,1,,,,,2024-07-15 11:09:27+00
Languages spoken,,Ethnic group,37144,Tuvaluan,2023,Census,Languages spoken,16,Other,,,,Percent,47.900000,percent,1,,,,,2024-07-15 11:09:27+00
Languages spoken,,Ethnic group,37144,Tuvaluan,2013,Census,Languages spoken,17,None (eg too young to talk),,,,Percent,4.100000,percent,1,,,,,2024-07-15 11:09:27+00
Languages spoken,,Ethnic group,37144,Tuvaluan,2018,Census,Languages spoken,17,None (eg too young to talk),,,,Percent,6.200000,percent,1,,,,,2024-07-15 11:09:27+00
Languages spoken,,Ethnic group,37144,Tuvaluan,2023,Census,Languages spoken,17,None (eg too young to talk),,,,Percent,6.100000,percent,1,,,,,2024-07-15 11:09:27+00
Languages spoken,,Ethnic group,37144,Tuvaluan,2013,Census,Languages spoken,2,Māori,,,,Percent,1.200000,percent,1,,,,,2024-07-15 11:09:27+00
Languages spoken,,Ethnic group,37144,Tuvaluan,2018,Census,Languages spoken,2,Māori,,,,Percent,1.000000,percent,1,,,,,2024-07-15 11:09:27+00
Languages spoken,,Ethnic group,37144,Tuvaluan,2023,Census,Languages spoken,2,Māori,,,,Percent,1.100000,percent,1,,,,,2024-07-15 11:09:27+00
Languages spoken,,Ethnic group,37144,Tuvaluan,2013,Census,Languages spoken,3,Samoan,,,,Percent,10.100000,percent,1,,,,,2024-07-15 11:09:27+00
Languages spoken,,Ethnic group,37144,Tuvaluan,2018,Census,Languages spoken,3,Samoan,,,,Percent,9.500000,percent,1,,,,,2024-07-15 11:09:27+00
Languages spoken,,Ethnic group,37144,Tuvaluan,2023,Census,Languages spoken,3,Samoan,,,,Percent,7.400000,percent,1,,,,,2024-07-15 11:09:27+00
Languages spoken,,Ethnic group,37144,Tuvaluan,2013,Census,Languages spoken,4,Northern Chinese,,,,Percent,0.000000,percent,1,,,,,2024-07-15 11:09:27+00
Languages spoken,,Ethnic group,37144,Tuvaluan,2018,Census,Languages spoken,4,Northern Chinese,,,,Percent,0.100000,percent,1,,,,,2024-07-15 11:09:27+00
Languages spoken,,Ethnic group,37144,Tuvaluan,2023,Census,Languages spoken,4,Northern Chinese,,,,Percent,0.000000,percent,1,,,,,2024-07-15 11:09:27+00
Languages spoken,,Ethnic group,37144,Tuvaluan,2013,Census,Languages spoken,5,Hindi,,,,Percent,0.300000,percent,1,,,,,2024-07-15 11:09:27+00
Languages spoken,,Ethnic group,37144,Tuvaluan,2018,Census,Languages spoken,5,Hindi,,,,Percent,0.100000,percent,1,,,,,2024-07-15 11:09:27+00
Languages spoken,,Ethnic group,37144,Tuvaluan,2023,Census,Languages spoken,5,Hindi,,,,Percent,0.100000,percent,1,,,,,2024-07-15 11:09:27+00
Languages spoken,,Ethnic group,37144,Tuvaluan,2013,Census,Languages spoken,6,French,,,,Percent,0.200000,percent,1,,,,,2024-07-15 11:09:27+00
Languages spoken,,Ethnic group,37144,Tuvaluan,2018,Census,Languages spoken,6,French,,,,Percent,0.000000,percent,1,,,,,2024-07-15 11:09:27+00
Languages spoken,,Ethnic group,37144,Tuvaluan,2023,Census,Languages spoken,6,French,,,,Percent,0.000000,percent,1,,,,,2024-07-15 11:09:27+00
Languages spoken,,Ethnic group,37144,Tuvaluan,2013,Census,Languages spoken,7,Yue,,,,Percent,0.100000,percent,1,,,,,2024-07-15 11:09:27+00
Languages spoken,,Ethnic group,37144,Tuvaluan,2018,Census,Languages spoken,7,Yue,,,,Percent,0.000000,percent,1,,,,,2024-07-15 11:09:27+00
Languages spoken,,Ethnic group,37144,Tuvaluan,2023,Census,Languages spoken,7,Yue,,,,Percent,0.000000,percent,1,,,,,2024-07-15 11:09:27+00
Languages spoken,,Ethnic group,37144,Tuvaluan,2013,Census,Languages spoken,8,Sinitic not further defined,,,,Percent,0.000000,percent,1,,,,,2024-07-15 11:09:27+00
Languages spoken,,Ethnic group,37144,Tuvaluan,2018,Census,Languages spoken,8,Sinitic not further defined,,,,Percent,0.000000,percent,1,,,,,2024-07-15 11:09:27+00
Languages spoken,,Ethnic group,37144,Tuvaluan,2023,Census,Languages spoken,8,Sinitic not further defined,,,,Percent,0.100000,percent,1,,,,,2024-07-15 11:09:27+00
Languages spoken,,Ethnic group,37144,Tuvaluan,2013,Census,Languages spoken,9,Tagalog,,,,Percent,0.000000,percent,1,,,,,2024-07-15 11:09:27+00
Languages spoken,,Ethnic group,37144,Tuvaluan,2018,Census,Languages spoken,9,Tagalog,,,,Percent,0.000000,percent,1,,,,,2024-07-15 11:09:27+00
Languages spoken,,Ethnic group,37144,Tuvaluan,2023,Census,Languages spoken,9,Tagalog,,,,Percent,0.000000,percent,1,,,,,2024-07-15 11:09:27+00
Number of languages spoken,,Ethnic group,37144,Tuvaluan,2023,Census,Number of languages spoken,0,None,,,,Count,402.000000,,0,,,,,2024-07-15 11:09:41+00
Number of languages spoken,,Ethnic group,37144,Tuvaluan,2023,Census,Number of languages spoken,1,One language,,,,Count,3099.000000,,0,,,,,2024-07-15 11:09:41+00
Number of languages spoken,,Ethnic group,37144,Tuvaluan,2023,Census,Number of languages spoken,2,Two languages,,,,Count,2520.000000,,0,,,,,2024-07-15 11:09:41+00
Number of languages spoken,,Ethnic group,37144,Tuvaluan,2023,Census,Number of languages spoken,3,Three languages,,,,Count,474.000000,,0,,,,,2024-07-15 11:09:41+00
Number of languages spoken,,Ethnic group,37144,Tuvaluan,2023,Census,Number of languages spoken,4,Four languages,,,,Count,69.000000,,0,,,,,2024-07-15 11:09:41+00
Number of languages spoken,,Ethnic group,37144,Tuvaluan,2023,Census,Number of languages spoken,5,Five languages,,,,Count,18.000000,,0,,,,,2024-07-15 11:09:41+00
Number of languages spoken,,Ethnic group,37144,Tuvaluan,2023,Census,Number of languages spoken,6,Six languages,,,,Count,9.000000,,0,,,,,2024-07-15 11:09:41+00
Number of languages spoken,,Ethnic group,37144,Tuvaluan,2023,Census,Number of languages spoken,0,None,,,,Percent,6.100000,percent,1,,,,,2024-07-15 11:09:56+00
Number of languages spoken,,Ethnic group,37144,Tuvaluan,2023,Census,Number of languages spoken,1,One language,,,,Percent,47.100000,percent,1,,,,,2024-07-15 11:09:56+00
Number of languages spoken,,Ethnic group,37144,Tuvaluan,2023,Census,Number of languages spoken,2,Two languages,,,,Percent,38.300000,percent,1,,,,,2024-07-15 11:09:56+00
Number of languages spoken,,Ethnic group,37144,Tuvaluan,2023,Census,Number of languages spoken,3,Three languages,,,,Percent,7.200000,percent,1,,,,,2024-07-15 11:09:56+00
Number of languages spoken,,Ethnic group,37144,Tuvaluan,2023,Census,Number of languages spoken,4,Four languages,,,,Percent,1.000000,percent,1,,,,,2024-07-15 11:09:56+00
Number of languages spoken,,Ethnic group,37144,Tuvaluan,2023,Census,Number of languages spoken,5,Five languages,,,,Percent,0.300000,percent,1,,,,,2024-07-15 11:09:56+00
Number of languages spoken,,Ethnic group,37144,Tuvaluan,2023,Census,Number of languages spoken,6,Six languages,,,,Percent,0.100000,percent,1,,,,,2024-07-15 11:09:56+00
Rainbow / LGBTIQ+ indicator (level 1),,Ethnic group,37144,Tuvaluan,2023,Census,Rainbow LGBTIQ+ indicator (level 1),1,LGBTIQ+,,,,Count,132.000000,,0,,,,,2024-09-02 11:08:43+00
Rainbow / LGBTIQ+ indicator (level 1),,Ethnic group,37144,Tuvaluan,2023,Census,Rainbow LGBTIQ+ indicator (level 1),2,Not LGBTIQ+,,,,Count,3366.000000,,0,,,,,2024-09-02 11:08:43+00
Rainbow / LGBTIQ+ indicator (level 1),,Ethnic group,37144,Tuvaluan,2023,Census,Rainbow LGBTIQ+ indicator (level 1),1,LGBTIQ+,,,,Percent,3.800000,percent,1,,,,,2024-09-02 11:09:30+00
Rainbow / LGBTIQ+ indicator (level 1),,Ethnic group,37144,Tuvaluan,2023,Census,Rainbow LGBTIQ+ indicator (level 1),2,Not LGBTIQ+,,,,Percent,96.300000,percent,1,,,,,2024-09-02 11:09:30+00
Rainbow / LGBTIQ+ indicator (level 2),,Ethnic group,37144,Tuvaluan,2023,Census,Rainbow LGBTIQ+ indicator,11,Another Gender,,,,Count,9.000000,,0,,,,,2024-09-02 11:08:02+00
Rainbow / LGBTIQ+ indicator (level 2),,Ethnic group,37144,Tuvaluan,2023,Census,Rainbow LGBTIQ+ indicator,12,Transgender,,,,Count,30.000000,,0,,,,,2024-09-02 11:08:02+00
Rainbow / LGBTIQ+ indicator (level 2),,Ethnic group,37144,Tuvaluan,2023,Census,Rainbow LGBTIQ+ indicator,13,"Homosexual, bisexual, or sexual identity not elsewhere classified",,,,Count,63.000000,,0,,,,,2024-09-02 11:08:02+00
Rainbow / LGBTIQ+ indicator (level 2),,Ethnic group,37144,Tuvaluan,2023,Census,Rainbow LGBTIQ+ indicator,14,Persons who know they were born with a variation of sex characteristics,,,,Count,,,0,S,S,,,2024-09-02 11:08:02+00
Rainbow / LGBTIQ+ indicator (level 2),,Ethnic group,37144,Tuvaluan,2023,Census,Rainbow LGBTIQ+ indicator,11,Another Gender,,,,Percent,0.300000,percent,1,,,,,2024-09-02 11:08:21+00
Rainbow / LGBTIQ+ indicator (level 2),,Ethnic group,37144,Tuvaluan,2023,Census,Rainbow LGBTIQ+ indicator,12,Transgender,,,,Percent,0.900000,percent,1,,,,,2024-09-02 11:08:21+00
Rainbow / LGBTIQ+ indicator (level 2),,Ethnic group,37144,Tuvaluan,2023,Census,Rainbow LGBTIQ+ indicator,13,"Homosexual, bisexual, or sexual identity not elsewhere classified",,,,Percent,1.800000,percent,1,,,,,2024-09-02 11:08:21+00
Rainbow / LGBTIQ+ indicator (level 2),,Ethnic group,37144,Tuvaluan,2023,Census,Rainbow LGBTIQ+ indicator,14,Persons who know they were born with a variation of sex characteristics,,,,Percent,,percent,1,S,S,,,2024-09-02 11:08:21+00
Religious affiliation,,Ethnic group,37144,Tuvaluan,2023,Census,Religious affiliation,0,No religion,,,,Count,798.000000,,0,,,,,2024-09-02 11:03:09+00
Religious affiliation,,Ethnic group,37144,Tuvaluan,2023,Census,Religious affiliation,1,Buddhism,,,,Count,3.000000,,0,,,,,2024-09-02 11:03:09+00
Religious affiliation,,Ethnic group,37144,Tuvaluan,2023,Census,Religious affiliation,2,Christian,,,,Count,5064.000000,,0,,,,,2024-09-02 11:03:09+00
Religious affiliation,,Ethnic group,37144,Tuvaluan,2023,Census,Religious affiliation,3,Hinduism,,,,Count,3.000000,,0,,,,,2024-09-02 11:03:09+00
Religious affiliation,,Ethnic group,37144,Tuvaluan,2023,Census,Religious affiliation,4,Islam,,,,Count,18.000000,,0,,,,,2024-09-02 11:03:09+00
Religious affiliation,,Ethnic group,37144,Tuvaluan,2023,Census,Religious affiliation,5,Judaism,,,,Count,3.000000,,0,,,,,2024-09-02 11:03:09+00
Religious affiliation,,Ethnic group,37144,Tuvaluan,2023,Census,Religious affiliation,6,"Māori religions, beliefs and philosophies",,,,Count,21.000000,,0,,,,,2024-09-02 11:03:09+00
Religious affiliation,,Ethnic group,37144,Tuvaluan,2023,Census,Religious affiliation,7,Spiritualism and New Age religions,,,,Count,3.000000,,0,,,,,2024-09-02 11:03:09+00
Religious affiliation,,Ethnic group,37144,Tuvaluan,2023,Census,Religious affiliation,8,"Other religions, beliefs and philosophies",,,,Count,117.000000,,0,,,,,2024-09-02 11:03:09+00
Religious affiliation,,Ethnic group,37144,Tuvaluan,2023,Census,Religious affiliation,80,Object to answering,,,,Count,570.000000,,0,,,,,2024-09-02 11:03:09+00
Religious affiliation,,Ethnic group,37144,Tuvaluan,2023,Census,Religious affiliation,0,No religion,,,,Percent,12.100000,percent,1,,,,,2024-09-02 11:07:43+00
Religious affiliation,,Ethnic group,37144,Tuvaluan,2023,Census,Religious affiliation,1,Buddhism,,,,Percent,0.000000,percent,1,,,,,2024-09-02 11:07:43+00
Religious affiliation,,Ethnic group,37144,Tuvaluan,2023,Census,Religious affiliation,2,Christian,,,,Percent,76.900000,percent,1,,,,,2024-09-02 11:07:43+00
Religious affiliation,,Ethnic group,37144,Tuvaluan,2023,Census,Religious affiliation,3,Hinduism,,,,Percent,0.000000,percent,1,,,,,2024-09-02 11:07:43+00
Religious affiliation,,Ethnic group,37144,Tuvaluan,2023,Census,Religious affiliation,4,Islam,,,,Percent,0.300000,percent,1,,,,,2024-09-02 11:07:43+00
Religious affiliation,,Ethnic group,37144,Tuvaluan,2023,Census,Religious affiliation,5,Judaism,,,,Percent,0.000000,percent,1,,,,,2024-09-02 11:07:43+00
Religious affiliation,,Ethnic group,37144,Tuvaluan,2023,Census,Religious affiliation,6,"Māori religions, beliefs and philosophies",,,,Percent,0.300000,percent,1,,,,,2024-09-02 11:07:43+00
Religious affiliation,,Ethnic group,37144,Tuvaluan,2023,Census,Religious affiliation,7,Spiritualism and New Age religions,,,,Percent,0.000000,percent,1,,,,,2024-09-02 11:07:43+00
Religious affiliation,,Ethnic group,37144,Tuvaluan,2023,Census,Religious affiliation,8,"Other religions, beliefs and philosophies",,,,Percent,1.800000,percent,1,,,,,2024-09-02 11:07:43+00
Religious affiliation,,Ethnic group,37144,Tuvaluan,2023,Census,Religious affiliation,80,Object to answering,,,,Percent,8.700000,percent,1,,,,,2024-09-02 11:07:43+00
Unemployment rate,,Ethnic group,37144,Tuvaluan,2009,Year ended March,,,,,,,Percent,,percent,1,C,confidential,,,2026-06-02 08:25:43+00
Unemployment rate,,Ethnic group,37144,Tuvaluan,2010,Year ended March,,,,,,,Percent,,percent,1,C,confidential,,,2026-06-02 08:25:43+00
Unemployment rate,,Ethnic group,37144,Tuvaluan,2011,Year ended March,,,,,,,Percent,,percent,1,C,confidential,,,2026-06-02 08:25:43+00
Unemployment rate,,Ethnic group,37144,Tuvaluan,2012,Year ended March,,,,,,,Percent,,percent,1,C,confidential,,,2026-06-02 08:25:43+00
Unemployment rate,,Ethnic group,37144,Tuvaluan,2013,Year ended March,,,,,,,Percent,,percent,1,C,confidential,,,2026-06-02 08:25:43+00
Unemployment rate,,Ethnic group,37144,Tuvaluan,2014,Year ended March,,,,,,,Percent,,percent,1,C,confidential,,,2026-06-02 08:25:43+00
Unemployment rate,,Ethnic group,37144,Tuvaluan,2015,Year ended March,,,,,,,Percent,,percent,1,C,confidential,,,2026-06-02 08:25:43+00
Unemployment rate,,Ethnic group,37144,Tuvaluan,2016,Year ended March,,,,,,,Percent,,percent,1,C,confidential,,,2026-06-02 08:25:43+00
Unemployment rate,,Ethnic group,37144,Tuvaluan,2017,Year ended March,,,,,,,Percent,,percent,1,C,confidential,,,2026-06-02 08:25:43+00
Unemployment rate,,Ethnic group,37144,Tuvaluan,2018,Year ended March,,,,,,,Percent,,percent,1,C,confidential,,,2026-06-02 08:25:43+00
Unemployment rate,,Ethnic group,37144,Tuvaluan,2019,Year ended March,,,,,,,Percent,,percent,1,C,confidential,,,2026-06-02 08:25:43+00
Unemployment rate,,Ethnic group,37144,Tuvaluan,2020,Year ended March,,,,,,,Percent,,percent,1,C,confidential,,,2026-06-02 08:25:43+00
Unemployment rate,,Ethnic group,37144,Tuvaluan,2021,Year ended March,,,,,,,Percent,,percent,1,C,confidential,,,2026-06-02 08:25:43+00
Unemployment rate,,Ethnic group,37144,Tuvaluan,2022,Year ended March,,,,,,,Percent,,percent,1,C,confidential,,,2026-06-02 08:25:43+00
Unemployment rate,,Ethnic group,37144,Tuvaluan,2023,Year ended March,,,,,,,Percent,,percent,1,C,confidential,,,2026-06-02 08:25:43+00
Unemployment rate,,Ethnic group,37144,Tuvaluan,2024,Year ended March,,,,,,,Percent,,percent,1,C,confidential,,,2026-06-02 08:25:43+00
Unemployment rate,,Ethnic group,37144,Tuvaluan,2025,Year ended March,,,,,,,Percent,,percent,1,C,confidential,,,2026-06-02 08:25:43+00
Unemployment rate,,Ethnic group,37144,Tuvaluan,2026,Year ended March,,,,,,,Percent,,percent,1,C,confidential,,,2026-06-02 08:25:43+00
Unemployment rate,,Ethnic group,37144,Tuvaluan,2009,Year ended March,,,,,,,Upper bound,,percent,1,C,confidential,,,2026-06-02 08:25:43+00
Unemployment rate,,Ethnic group,37144,Tuvaluan,2010,Year ended March,,,,,,,Upper bound,,percent,1,C,confidential,,,2026-06-02 08:25:43+00
Unemployment rate,,Ethnic group,37144,Tuvaluan,2011,Year ended March,,,,,,,Upper bound,,percent,1,C,confidential,,,2026-06-02 08:25:43+00
Unemployment rate,,Ethnic group,37144,Tuvaluan,2012,Year ended March,,,,,,,Upper bound,,percent,1,C,confidential,,,2026-06-02 08:25:43+00
Unemployment rate,,Ethnic group,37144,Tuvaluan,2013,Year ended March,,,,,,,Upper bound,,percent,1,C,confidential,,,2026-06-02 08:25:43+00
Unemployment rate,,Ethnic group,37144,Tuvaluan,2014,Year ended March,,,,,,,Upper bound,,percent,1,C,confidential,,,2026-06-02 08:25:43+00
Unemployment rate,,Ethnic group,37144,Tuvaluan,2015,Year ended March,,,,,,,Upper bound,,percent,1,C,confidential,,,2026-06-02 08:25:43+00
Unemployment rate,,Ethnic group,37144,Tuvaluan,2016,Year ended March,,,,,,,Upper bound,,percent,1,C,confidential,,,2026-06-02 08:25:43+00
Unemployment rate,,Ethnic group,37144,Tuvaluan,2017,Year ended March,,,,,,,Upper bound,,percent,1,C,confidential,,,2026-06-02 08:25:43+00
Unemployment rate,,Ethnic group,37144,Tuvaluan,2018,Year ended March,,,,,,,Upper bound,,percent,1,C,confidential,,,2026-06-02 08:25:43+00
Unemployment rate,,Ethnic group,37144,Tuvaluan,2019,Year ended March,,,,,,,Upper bound,,percent,1,C,confidential,,,2026-06-02 08:25:43+00
Unemployment rate,,Ethnic group,37144,Tuvaluan,2020,Year ended March,,,,,,,Upper bound,,percent,1,C,confidential,,,2026-06-02 08:25:43+00
Unemployment rate,,Ethnic group,37144,Tuvaluan,2021,Year ended March,,,,,,,Upper bound,,percent,1,C,confidential,,,2026-06-02 08:25:43+00
Unemployment rate,,Ethnic group,37144,Tuvaluan,2022,Year ended March,,,,,,,Upper bound,,percent,1,C,confidential,,,2026-06-02 08:25:43+00
Unemployment rate,,Ethnic group,37144,Tuvaluan,2023,Year ended March,,,,,,,Upper bound,,percent,1,C,confidential,,,2026-06-02 08:25:43+00
Unemployment rate,,Ethnic group,37144,Tuvaluan,2024,Year ended March,,,,,,,Upper bound,,percent,1,C,confidential,,,2026-06-02 08:25:43+00
Unemployment rate,,Ethnic group,37144,Tuvaluan,2025,Year ended March,,,,,,,Upper bound,,percent,1,C,confidential,,,2026-06-02 08:25:43+00
Unemployment rate,,Ethnic group,37144,Tuvaluan,2026,Year ended March,,,,,,,Upper bound,,percent,1,C,confidential,,,2026-06-02 08:25:43+00
Unemployment rate,,Ethnic group,37144,Tuvaluan,2009,Year ended March,,,,,,,Lower bound,,percent,1,C,confidential,,,2026-06-02 08:25:43+00
Unemployment rate,,Ethnic group,37144,Tuvaluan,2010,Year ended March,,,,,,,Lower bound,,percent,1,C,confidential,,,2026-06-02 08:25:43+00
Unemployment rate,,Ethnic group,37144,Tuvaluan,2011,Year ended March,,,,,,,Lower bound,,percent,1,C,confidential,,,2026-06-02 08:25:43+00
Unemployment rate,,Ethnic group,37144,Tuvaluan,2012,Year ended March,,,,,,,Lower bound,,percent,1,C,confidential,,,2026-06-02 08:25:43+00
Unemployment rate,,Ethnic group,37144,Tuvaluan,2013,Year ended March,,,,,,,Lower bound,,percent,1,C,confidential,,,2026-06-02 08:25:43+00
Unemployment rate,,Ethnic group,37144,Tuvaluan,2014,Year ended March,,,,,,,Lower bound,,percent,1,C,confidential,,,2026-06-02 08:25:43+00
Unemployment rate,,Ethnic group,37144,Tuvaluan,2015,Year ended March,,,,,,,Lower bound,,percent,1,C,confidential,,,2026-06-02 08:25:43+00
Unemployment rate,,Ethnic group,37144,Tuvaluan,2016,Year ended March,,,,,,,Lower bound,,percent,1,C,confidential,,,2026-06-02 08:25:43+00
Unemployment rate,,Ethnic group,37144,Tuvaluan,2017,Year ended March,,,,,,,Lower bound,,percent,1,C,confidential,,,2026-06-02 08:25:43+00
Unemployment rate,,Ethnic group,37144,Tuvaluan,2018,Year ended March,,,,,,,Lower bound,,percent,1,C,confidential,,,2026-06-02 08:25:43+00
Unemployment rate,,Ethnic group,37144,Tuvaluan,2019,Year ended March,,,,,,,Lower bound,,percent,1,C,confidential,,,2026-06-02 08:25:43+00
Unemployment rate,,Ethnic group,37144,Tuvaluan,2020,Year ended March,,,,,,,Lower bound,,percent,1,C,confidential,,,2026-06-02 08:25:43+00
Unemployment rate,,Ethnic group,37144,Tuvaluan,2021,Year ended March,,,,,,,Lower bound,,percent,1,C,confidential,,,2026-06-02 08:25:43+00
Unemployment rate,,Ethnic group,37144,Tuvaluan,2022,Year ended March,,,,,,,Lower bound,,percent,1,C,confidential,,,2026-06-02 08:25:43+00
Unemployment rate,,Ethnic group,37144,Tuvaluan,2023,Year ended March,,,,,,,Lower bound,,percent,1,C,confidential,,,2026-06-02 08:25:43+00
Unemployment rate,,Ethnic group,37144,Tuvaluan,2024,Year ended March,,,,,,,Lower bound,,percent,1,C,confidential,,,2026-06-02 08:25:43+00
Unemployment rate,,Ethnic group,37144,Tuvaluan,2025,Year ended March,,,,,,,Lower bound,,percent,1,C,confidential,,,2026-06-02 08:25:43+00
Unemployment rate,,Ethnic group,37144,Tuvaluan,2026,Year ended March,,,,,,,Lower bound,,percent,1,C,confidential,,,2026-06-02 08:25:43+00
Underutilisation rate,,Ethnic group,37144,Tuvaluan,2009,Year ended March,,,,,,,Percent,,percent,1,C,confidential,,,2026-06-02 08:25:44+00
Underutilisation rate,,Ethnic group,37144,Tuvaluan,2010,Year ended March,,,,,,,Percent,,percent,1,C,confidential,,,2026-06-02 08:25:44+00
Underutilisation rate,,Ethnic group,37144,Tuvaluan,2011,Year ended March,,,,,,,Percent,,percent,1,C,confidential,,,2026-06-02 08:25:44+00
Underutilisation rate,,Ethnic group,37144,Tuvaluan,2012,Year ended March,,,,,,,Percent,,percent,1,C,confidential,,,2026-06-02 08:25:44+00
Underutilisation rate,,Ethnic group,37144,Tuvaluan,2013,Year ended March,,,,,,,Percent,,percent,1,C,confidential,,,2026-06-02 08:25:44+00
Underutilisation rate,,Ethnic group,37144,Tuvaluan,2014,Year ended March,,,,,,,Percent,,percent,1,C,confidential,,,2026-06-02 08:25:44+00
Underutilisation rate,,Ethnic group,37144,Tuvaluan,2015,Year ended March,,,,,,,Percent,,percent,1,C,confidential,,,2026-06-02 08:25:44+00
Underutilisation rate,,Ethnic group,37144,Tuvaluan,2016,Year ended March,,,,,,,Percent,,percent,1,C,confidential,,,2026-06-02 08:25:44+00
Underutilisation rate,,Ethnic group,37144,Tuvaluan,2017,Year ended March,,,,,,,Percent,,percent,1,C,confidential,,,2026-06-02 08:25:44+00
Underutilisation rate,,Ethnic group,37144,Tuvaluan,2018,Year ended March,,,,,,,Percent,,percent,1,C,confidential,,,2026-06-02 08:25:44+00
Underutilisation rate,,Ethnic group,37144,Tuvaluan,2019,Year ended March,,,,,,,Percent,,percent,1,C,confidential,,,2026-06-02 08:25:44+00
Underutilisation rate,,Ethnic group,37144,Tuvaluan,2020,Year ended March,,,,,,,Percent,,percent,1,C,confidential,,,2026-06-02 08:25:44+00
Underutilisation rate,,Ethnic group,37144,Tuvaluan,2021,Year ended March,,,,,,,Percent,,percent,1,C,confidential,,,2026-06-02 08:25:44+00
Underutilisation rate,,Ethnic group,37144,Tuvaluan,2022,Year ended March,,,,,,,Percent,,percent,1,C,confidential,,,2026-06-02 08:25:44+00
Underutilisation rate,,Ethnic group,37144,Tuvaluan,2023,Year ended March,,,,,,,Percent,,percent,1,C,confidential,,,2026-06-02 08:25:44+00
Underutilisation rate,,Ethnic group,37144,Tuvaluan,2024,Year ended March,,,,,,,Percent,,percent,1,C,confidential,,,2026-06-02 08:25:44+00
Underutilisation rate,,Ethnic group,37144,Tuvaluan,2025,Year ended March,,,,,,,Percent,,percent,1,C,confidential,,,2026-06-02 08:25:44+00
Underutilisation rate,,Ethnic group,37144,Tuvaluan,2026,Year ended March,,,,,,,Percent,,percent,1,C,confidential,,,2026-06-02 08:25:44+00
Underutilisation rate,,Ethnic group,37144,Tuvaluan,2009,Year ended March,,,,,,,Upper bound,,percent,1,C,confidential,,,2026-06-02 08:25:44+00
Underutilisation rate,,Ethnic group,37144,Tuvaluan,2010,Year ended March,,,,,,,Upper bound,,percent,1,C,confidential,,,2026-06-02 08:25:44+00
Underutilisation rate,,Ethnic group,37144,Tuvaluan,2011,Year ended March,,,,,,,Upper bound,,percent,1,C,confidential,,,2026-06-02 08:25:44+00
Underutilisation rate,,Ethnic group,37144,Tuvaluan,2012,Year ended March,,,,,,,Upper bound,,percent,1,C,confidential,,,2026-06-02 08:25:44+00
Underutilisation rate,,Ethnic group,37144,Tuvaluan,2013,Year ended March,,,,,,,Upper bound,,percent,1,C,confidential,,,2026-06-02 08:25:44+00
Underutilisation rate,,Ethnic group,37144,Tuvaluan,2014,Year ended March,,,,,,,Upper bound,,percent,1,C,confidential,,,2026-06-02 08:25:44+00
Underutilisation rate,,Ethnic group,37144,Tuvaluan,2015,Year ended March,,,,,,,Upper bound,,percent,1,C,confidential,,,2026-06-02 08:25:44+00
Underutilisation rate,,Ethnic group,37144,Tuvaluan,2016,Year ended March,,,,,,,Upper bound,,percent,1,C,confidential,,,2026-06-02 08:25:44+00
Underutilisation rate,,Ethnic group,37144,Tuvaluan,2017,Year ended March,,,,,,,Upper bound,,percent,1,C,confidential,,,2026-06-02 08:25:44+00
Underutilisation rate,,Ethnic group,37144,Tuvaluan,2018,Year ended March,,,,,,,Upper bound,,percent,1,C,confidential,,,2026-06-02 08:25:44+00
Underutilisation rate,,Ethnic group,37144,Tuvaluan,2019,Year ended March,,,,,,,Upper bound,,percent,1,C,confidential,,,2026-06-02 08:25:44+00
Underutilisation rate,,Ethnic group,37144,Tuvaluan,2020,Year ended March,,,,,,,Upper bound,,percent,1,C,confidential,,,2026-06-02 08:25:44+00
Underutilisation rate,,Ethnic group,37144,Tuvaluan,2021,Year ended March,,,,,,,Upper bound,,percent,1,C,confidential,,,2026-06-02 08:25:44+00
Underutilisation rate,,Ethnic group,37144,Tuvaluan,2022,Year ended March,,,,,,,Upper bound,,percent,1,C,confidential,,,2026-06-02 08:25:44+00
Underutilisation rate,,Ethnic group,37144,Tuvaluan,2023,Year ended March,,,,,,,Upper bound,,percent,1,C,confidential,,,2026-06-02 08:25:44+00
Underutilisation rate,,Ethnic group,37144,Tuvaluan,2024,Year ended March,,,,,,,Upper bound,,percent,1,C,confidential,,,2026-06-02 08:25:44+00
Underutilisation rate,,Ethnic group,37144,Tuvaluan,2025,Year ended March,,,,,,,Upper bound,,percent,1,C,confidential,,,2026-06-02 08:25:44+00
Underutilisation rate,,Ethnic group,37144,Tuvaluan,2026,Year ended March,,,,,,,Upper bound,,percent,1,C,confidential,,,2026-06-02 08:25:44+00
Underutilisation rate,,Ethnic group,37144,Tuvaluan,2009,Year ended March,,,,,,,Lower bound,,percent,1,C,confidential,,,2026-06-02 08:25:44+00
Underutilisation rate,,Ethnic group,37144,Tuvaluan,2010,Year ended March,,,,,,,Lower bound,,percent,1,C,confidential,,,2026-06-02 08:25:44+00
Underutilisation rate,,Ethnic group,37144,Tuvaluan,2011,Year ended March,,,,,,,Lower bound,,percent,1,C,confidential,,,2026-06-02 08:25:44+00
Underutilisation rate,,Ethnic group,37144,Tuvaluan,2012,Year ended March,,,,,,,Lower bound,,percent,1,C,confidential,,,2026-06-02 08:25:44+00
Underutilisation rate,,Ethnic group,37144,Tuvaluan,2013,Year ended March,,,,,,,Lower bound,,percent,1,C,confidential,,,2026-06-02 08:25:44+00
Underutilisation rate,,Ethnic group,37144,Tuvaluan,2014,Year ended March,,,,,,,Lower bound,,percent,1,C,confidential,,,2026-06-02 08:25:44+00
Underutilisation rate,,Ethnic group,37144,Tuvaluan,2015,Year ended March,,,,,,,Lower bound,,percent,1,C,confidential,,,2026-06-02 08:25:44+00
Underutilisation rate,,Ethnic group,37144,Tuvaluan,2016,Year ended March,,,,,,,Lower bound,,percent,1,C,confidential,,,2026-06-02 08:25:44+00
Underutilisation rate,,Ethnic group,37144,Tuvaluan,2017,Year ended March,,,,,,,Lower bound,,percent,1,C,confidential,,,2026-06-02 08:25:44+00
Underutilisation rate,,Ethnic group,37144,Tuvaluan,2018,Year ended March,,,,,,,Lower bound,,percent,1,C,confidential,,,2026-06-02 08:25:44+00
Underutilisation rate,,Ethnic group,37144,Tuvaluan,2019,Year ended March,,,,,,,Lower bound,,percent,1,C,confidential,,,2026-06-02 08:25:44+00
Underutilisation rate,,Ethnic group,37144,Tuvaluan,2020,Year ended March,,,,,,,Lower bound,,percent,1,C,confidential,,,2026-06-02 08:25:44+00
Underutilisation rate,,Ethnic group,37144,Tuvaluan,2021,Year ended March,,,,,,,Lower bound,,percent,1,C,confidential,,,2026-06-02 08:25:44+00
Underutilisation rate,,Ethnic group,37144,Tuvaluan,2022,Year ended March,,,,,,,Lower bound,,percent,1,C,confidential,,,2026-06-02 08:25:44+00
Underutilisation rate,,Ethnic group,37144,Tuvaluan,2023,Year ended March,,,,,,,Lower bound,,percent,1,C,confidential,,,2026-06-02 08:25:44+00
Underutilisation rate,,Ethnic group,37144,Tuvaluan,2024,Year ended March,,,,,,,Lower bound,,percent,1,C,confidential,,,2026-06-02 08:25:44+00
Underutilisation rate,,Ethnic group,37144,Tuvaluan,2025,Year ended March,,,,,,,Lower bound,,percent,1,C,confidential,,,2026-06-02 08:25:44+00
Underutilisation rate,,Ethnic group,37144,Tuvaluan,2026,Year ended March,,,,,,,Lower bound,,percent,1,C,confidential,,,2026-06-02 08:25:44+00
Labour force participation rate,,Ethnic group,37144,Tuvaluan,2009,Year ended March,,,,,,,Percent,,percent,1,C,confidential,,,2026-06-02 08:25:42+00
Labour force participation rate,,Ethnic group,37144,Tuvaluan,2010,Year ended March,,,,,,,Percent,,percent,1,C,confidential,,,2026-06-02 08:25:42+00
Labour force participation rate,,Ethnic group,37144,Tuvaluan,2011,Year ended March,,,,,,,Percent,,percent,1,C,confidential,,,2026-06-02 08:25:42+00
Labour force participation rate,,Ethnic group,37144,Tuvaluan,2012,Year ended March,,,,,,,Percent,,percent,1,C,confidential,,,2026-06-02 08:25:42+00
Labour force participation rate,,Ethnic group,37144,Tuvaluan,2013,Year ended March,,,,,,,Percent,,percent,1,C,confidential,,,2026-06-02 08:25:42+00
Labour force participation rate,,Ethnic group,37144,Tuvaluan,2014,Year ended March,,,,,,,Percent,,percent,1,C,confidential,,,2026-06-02 08:25:42+00
Labour force participation rate,,Ethnic group,37144,Tuvaluan,2015,Year ended March,,,,,,,Percent,,percent,1,C,confidential,,,2026-06-02 08:25:42+00
Labour force participation rate,,Ethnic group,37144,Tuvaluan,2016,Year ended March,,,,,,,Percent,,percent,1,C,confidential,,,2026-06-02 08:25:42+00
Labour force participation rate,,Ethnic group,37144,Tuvaluan,2017,Year ended March,,,,,,,Percent,,percent,1,C,confidential,,,2026-06-02 08:25:42+00
Labour force participation rate,,Ethnic group,37144,Tuvaluan,2018,Year ended March,,,,,,,Percent,,percent,1,C,confidential,,,2026-06-02 08:25:42+00
Labour force participation rate,,Ethnic group,37144,Tuvaluan,2019,Year ended March,,,,,,,Percent,,percent,1,C,confidential,,,2026-06-02 08:25:42+00
Labour force participation rate,,Ethnic group,37144,Tuvaluan,2020,Year ended March,,,,,,,Percent,,percent,1,C,confidential,,,2026-06-02 08:25:42+00
Labour force participation rate,,Ethnic group,37144,Tuvaluan,2021,Year ended March,,,,,,,Percent,,percent,1,C,confidential,,,2026-06-02 08:25:42+00
Labour force participation rate,,Ethnic group,37144,Tuvaluan,2022,Year ended March,,,,,,,Percent,,percent,1,C,confidential,,,2026-06-02 08:25:42+00
Labour force participation rate,,Ethnic group,37144,Tuvaluan,2023,Year ended March,,,,,,,Percent,,percent,1,C,confidential,,,2026-06-02 08:25:42+00
Labour force participation rate,,Ethnic group,37144,Tuvaluan,2024,Year ended March,,,,,,,Percent,,percent,1,C,confidential,,,2026-06-02 08:25:42+00
Labour force participation rate,,Ethnic group,37144,Tuvaluan,2025,Year ended March,,,,,,,Percent,,percent,1,C,confidential,,,2026-06-02 08:25:42+00
Labour force participation rate,,Ethnic group,37144,Tuvaluan,2026,Year ended March,,,,,,,Percent,,percent,1,C,confidential,,,2026-06-02 08:25:42+00
Labour force participation rate,,Ethnic group,37144,Tuvaluan,2009,Year ended March,,,,,,,Upper bound,,percent,1,C,confidential,,,2026-06-02 08:25:42+00
Labour force participation rate,,Ethnic group,37144,Tuvaluan,2010,Year ended March,,,,,,,Upper bound,,percent,1,C,confidential,,,2026-06-02 08:25:42+00
Labour force participation rate,,Ethnic group,37144,Tuvaluan,2011,Year ended March,,,,,,,Upper bound,,percent,1,C,confidential,,,2026-06-02 08:25:42+00
Labour force participation rate,,Ethnic group,37144,Tuvaluan,2012,Year ended March,,,,,,,Upper bound,,percent,1,C,confidential,,,2026-06-02 08:25:42+00
Labour force participation rate,,Ethnic group,37144,Tuvaluan,2013,Year ended March,,,,,,,Upper bound,,percent,1,C,confidential,,,2026-06-02 08:25:42+00
Labour force participation rate,,Ethnic group,37144,Tuvaluan,2014,Year ended March,,,,,,,Upper bound,,percent,1,C,confidential,,,2026-06-02 08:25:42+00
Labour force participation rate,,Ethnic group,37144,Tuvaluan,2015,Year ended March,,,,,,,Upper bound,,percent,1,C,confidential,,,2026-06-02 08:25:42+00
Labour force participation rate,,Ethnic group,37144,Tuvaluan,2016,Year ended March,,,,,,,Upper bound,,percent,1,C,confidential,,,2026-06-02 08:25:42+00
Labour force participation rate,,Ethnic group,37144,Tuvaluan,2017,Year ended March,,,,,,,Upper bound,,percent,1,C,confidential,,,2026-06-02 08:25:42+00
Labour force participation rate,,Ethnic group,37144,Tuvaluan,2018,Year ended March,,,,,,,Upper bound,,percent,1,C,confidential,,,2026-06-02 08:25:42+00
Labour force participation rate,,Ethnic group,37144,Tuvaluan,2019,Year ended March,,,,,,,Upper bound,,percent,1,C,confidential,,,2026-06-02 08:25:42+00
Labour force participation rate,,Ethnic group,37144,Tuvaluan,2020,Year ended March,,,,,,,Upper bound,,percent,1,C,confidential,,,2026-06-02 08:25:42+00
Labour force participation rate,,Ethnic group,37144,Tuvaluan,2021,Year ended March,,,,,,,Upper bound,,percent,1,C,confidential,,,2026-06-02 08:25:42+00
Labour force participation rate,,Ethnic group,37144,Tuvaluan,2022,Year ended March,,,,,,,Upper bound,,percent,1,C,confidential,,,2026-06-02 08:25:42+00
Labour force participation rate,,Ethnic group,37144,Tuvaluan,2023,Year ended March,,,,,,,Upper bound,,percent,1,C,confidential,,,2026-06-02 08:25:42+00
Labour force participation rate,,Ethnic group,37144,Tuvaluan,2024,Year ended March,,,,,,,Upper bound,,percent,1,C,confidential,,,2026-06-02 08:25:42+00
Labour force participation rate,,Ethnic group,37144,Tuvaluan,2025,Year ended March,,,,,,,Upper bound,,percent,1,C,confidential,,,2026-06-02 08:25:42+00
Labour force participation rate,,Ethnic group,37144,Tuvaluan,2026,Year ended March,,,,,,,Upper bound,,percent,1,C,confidential,,,2026-06-02 08:25:42+00
Labour force participation rate,,Ethnic group,37144,Tuvaluan,2009,Year ended March,,,,,,,Lower bound,,percent,1,C,confidential,,,2026-06-02 08:25:42+00
Labour force participation rate,,Ethnic group,37144,Tuvaluan,2010,Year ended March,,,,,,,Lower bound,,percent,1,C,confidential,,,2026-06-02 08:25:42+00
Labour force participation rate,,Ethnic group,37144,Tuvaluan,2011,Year ended March,,,,,,,Lower bound,,percent,1,C,confidential,,,2026-06-02 08:25:42+00
Labour force participation rate,,Ethnic group,37144,Tuvaluan,2012,Year ended March,,,,,,,Lower bound,,percent,1,C,confidential,,,2026-06-02 08:25:42+00
Labour force participation rate,,Ethnic group,37144,Tuvaluan,2013,Year ended March,,,,,,,Lower bound,,percent,1,C,confidential,,,2026-06-02 08:25:42+00
Labour force participation rate,,Ethnic group,37144,Tuvaluan,2014,Year ended March,,,,,,,Lower bound,,percent,1,C,confidential,,,2026-06-02 08:25:42+00
Labour force participation rate,,Ethnic group,37144,Tuvaluan,2015,Year ended March,,,,,,,Lower bound,,percent,1,C,confidential,,,2026-06-02 08:25:42+00
Labour force participation rate,,Ethnic group,37144,Tuvaluan,2016,Year ended March,,,,,,,Lower bound,,percent,1,C,confidential,,,2026-06-02 08:25:42+00
Labour force participation rate,,Ethnic group,37144,Tuvaluan,2017,Year ended March,,,,,,,Lower bound,,percent,1,C,confidential,,,2026-06-02 08:25:42+00
Labour force participation rate,,Ethnic group,37144,Tuvaluan,2018,Year ended March,,,,,,,Lower bound,,percent,1,C,confidential,,,2026-06-02 08:25:42+00
Labour force participation rate,,Ethnic group,37144,Tuvaluan,2019,Year ended March,,,,,,,Lower bound,,percent,1,C,confidential,,,2026-06-02 08:25:42+00
Labour force participation rate,,Ethnic group,37144,Tuvaluan,2020,Year ended March,,,,,,,Lower bound,,percent,1,C,confidential,,,2026-06-02 08:25:42+00
Labour force participation rate,,Ethnic group,37144,Tuvaluan,2021,Year ended March,,,,,,,Lower bound,,percent,1,C,confidential,,,2026-06-02 08:25:42+00
Labour force participation rate,,Ethnic group,37144,Tuvaluan,2022,Year ended March,,,,,,,Lower bound,,percent,1,C,confidential,,,2026-06-02 08:25:42+00
Labour force participation rate,,Ethnic group,37144,Tuvaluan,2023,Year ended March,,,,,,,Lower bound,,percent,1,C,confidential,,,2026-06-02 08:25:42+00
Labour force participation rate,,Ethnic group,37144,Tuvaluan,2024,Year ended March,,,,,,,Lower bound,,percent,1,C,confidential,,,2026-06-02 08:25:42+00
Labour force participation rate,,Ethnic group,37144,Tuvaluan,2025,Year ended March,,,,,,,Lower bound,,percent,1,C,confidential,,,2026-06-02 08:25:42+00
Labour force participation rate,,Ethnic group,37144,Tuvaluan,2026,Year ended March,,,,,,,Lower bound,,percent,1,C,confidential,,,2026-06-02 08:25:42+00
Work and labour force status,,Ethnic group,37144,Tuvaluan,2013,Census,Work and labour force status,1,Employed Full-time,,,,Count,705.000000,,0,,,,,2024-09-02 11:19:52+00
Work and labour force status,,Ethnic group,37144,Tuvaluan,2018,Census,Work and labour force status,1,Employed Full-time,,,,Count,1170.000000,,0,,,,,2024-09-02 11:19:52+00
Work and labour force status,,Ethnic group,37144,Tuvaluan,2023,Census,Work and labour force status,1,Employed Full-time,,,,Count,1899.000000,,0,,,,,2024-09-02 11:19:52+00
Work and labour force status,,Ethnic group,37144,Tuvaluan,2013,Census,Work and labour force status,2,Employed Part-time,,,,Count,210.000000,,0,,,,,2024-09-02 11:19:52+00
Work and labour force status,,Ethnic group,37144,Tuvaluan,2018,Census,Work and labour force status,2,Employed Part-time,,,,Count,321.000000,,0,,,,,2024-09-02 11:19:52+00
Work and labour force status,,Ethnic group,37144,Tuvaluan,2023,Census,Work and labour force status,2,Employed Part-time,,,,Count,444.000000,,0,,,,,2024-09-02 11:19:52+00
Work and labour force status,,Ethnic group,37144,Tuvaluan,2013,Census,Work and labour force status,3,Unemployed,,,,Count,219.000000,,0,,,,,2024-09-02 11:19:52+00
Work and labour force status,,Ethnic group,37144,Tuvaluan,2018,Census,Work and labour force status,3,Unemployed,,,,Count,246.000000,,0,,,,,2024-09-02 11:19:52+00
Work and labour force status,,Ethnic group,37144,Tuvaluan,2023,Census,Work and labour force status,3,Unemployed,,,,Count,285.000000,,0,,,,,2024-09-02 11:19:52+00
Work and labour force status,,Ethnic group,37144,Tuvaluan,2013,Census,Work and labour force status,4,Not in the Labour Force,,,,Count,933.000000,,0,,,,,2024-09-02 11:19:52+00
Work and labour force status,,Ethnic group,37144,Tuvaluan,2018,Census,Work and labour force status,4,Not in the Labour Force,,,,Count,969.000000,,0,,,,,2024-09-02 11:19:52+00
Work and labour force status,,Ethnic group,37144,Tuvaluan,2023,Census,Work and labour force status,4,Not in the Labour Force,,,,Count,1605.000000,,0,,,,,2024-09-02 11:19:52+00
Work and labour force status,,Ethnic group,37144,Tuvaluan,2013,Census,Work and labour force status,1,Employed Full-time,,,,Percent,34.100000,percent,1,,,,,2024-09-02 11:21:19+00
Work and labour force status,,Ethnic group,37144,Tuvaluan,2018,Census,Work and labour force status,1,Employed Full-time,,,,Percent,43.300000,percent,1,,,,,2024-09-02 11:21:19+00
Work and labour force status,,Ethnic group,37144,Tuvaluan,2023,Census,Work and labour force status,1,Employed Full-time,,,,Percent,44.900000,percent,1,,,,,2024-09-02 11:21:19+00
Work and labour force status,,Ethnic group,37144,Tuvaluan,2013,Census,Work and labour force status,2,Employed Part-time,,,,Percent,10.200000,percent,1,,,,,2024-09-02 11:21:19+00
Work and labour force status,,Ethnic group,37144,Tuvaluan,2018,Census,Work and labour force status,2,Employed Part-time,,,,Percent,11.900000,percent,1,,,,,2024-09-02 11:21:19+00
Work and labour force status,,Ethnic group,37144,Tuvaluan,2023,Census,Work and labour force status,2,Employed Part-time,,,,Percent,10.500000,percent,1,,,,,2024-09-02 11:21:19+00
Work and labour force status,,Ethnic group,37144,Tuvaluan,2013,Census,Work and labour force status,3,Unemployed,,,,Percent,10.600000,percent,1,,,,,2024-09-02 11:21:19+00
Work and labour force status,,Ethnic group,37144,Tuvaluan,2018,Census,Work and labour force status,3,Unemployed,,,,Percent,9.100000,percent,1,,,,,2024-09-02 11:21:19+00
Work and labour force status,,Ethnic group,37144,Tuvaluan,2023,Census,Work and labour force status,3,Unemployed,,,,Percent,6.700000,percent,1,,,,,2024-09-02 11:21:19+00
Work and labour force status,,Ethnic group,37144,Tuvaluan,2013,Census,Work and labour force status,4,Not in the Labour Force,,,,Percent,45.100000,percent,1,,,,,2024-09-02 11:21:19+00
Work and labour force status,,Ethnic group,37144,Tuvaluan,2018,Census,Work and labour force status,4,Not in the Labour Force,,,,Percent,35.800000,percent,1,,,,,2024-09-02 11:21:19+00
Work and labour force status,,Ethnic group,37144,Tuvaluan,2023,Census,Work and labour force status,4,Not in the Labour Force,,,,Percent,37.900000,percent,1,,,,,2024-09-02 11:21:19+00
Work and labour force status by age,,Ethnic group,37144,Tuvaluan,2023,Census,Work and labour force status,1,Employed Full-time,Life cycle age group for people aged 15 years and over,2,15-29 years,Count,780.000000,,0,,,,,2024-09-02 11:22:03+00
Work and labour force status by age,,Ethnic group,37144,Tuvaluan,2023,Census,Work and labour force status,1,Employed Full-time,Life cycle age group for people aged 15 years and over,3,30-64 years,Count,1095.000000,,0,,,,,2024-09-02 11:22:03+00
Work and labour force status by age,,Ethnic group,37144,Tuvaluan,2023,Census,Work and labour force status,1,Employed Full-time,Life cycle age group for people aged 15 years and over,4,65 years and over,Count,24.000000,,0,,,,,2024-09-02 11:22:03+00
Work and labour force status by age,,Ethnic group,37144,Tuvaluan,2023,Census,Work and labour force status,2,Employed Part-time,Life cycle age group for people aged 15 years and over,2,15-29 years,Count,240.000000,,0,,,,,2024-09-02 11:22:03+00
Work and labour force status by age,,Ethnic group,37144,Tuvaluan,2023,Census,Work and labour force status,2,Employed Part-time,Life cycle age group for people aged 15 years and over,3,30-64 years,Count,186.000000,,0,,,,,2024-09-02 11:22:03+00
Work and labour force status by age,,Ethnic group,37144,Tuvaluan,2023,Census,Work and labour force status,2,Employed Part-time,Life cycle age group for people aged 15 years and over,4,65 years and over,Count,15.000000,,0,,,,,2024-09-02 11:22:03+00
Work and labour force status by age,,Ethnic group,37144,Tuvaluan,2023,Census,Work and labour force status,3,Unemployed,Life cycle age group for people aged 15 years and over,2,15-29 years,Count,150.000000,,0,,,,,2024-09-02 11:22:03+00
Work and labour force status by age,,Ethnic group,37144,Tuvaluan,2023,Census,Work and labour force status,3,Unemployed,Life cycle age group for people aged 15 years and over,3,30-64 years,Count,126.000000,,0,,,,,2024-09-02 11:22:03+00
Work and labour force status by age,,Ethnic group,37144,Tuvaluan,2023,Census,Work and labour force status,3,Unemployed,Life cycle age group for people aged 15 years and over,4,65 years and over,Count,6.000000,,0,,,,,2024-09-02 11:22:03+00
Work and labour force status by age,,Ethnic group,37144,Tuvaluan,2023,Census,Work and labour force status,4,Not in the Labour Force,Life cycle age group for people aged 15 years and over,2,15-29 years,Count,681.000000,,0,,,,,2024-09-02 11:22:03+00
Work and labour force status by age,,Ethnic group,37144,Tuvaluan,2023,Census,Work and labour force status,4,Not in the Labour Force,Life cycle age group for people aged 15 years and over,3,30-64 years,Count,666.000000,,0,,,,,2024-09-02 11:22:03+00
Work and labour force status by age,,Ethnic group,37144,Tuvaluan,2023,Census,Work and labour force status,4,Not in the Labour Force,Life cycle age group for people aged 15 years and over,4,65 years and over,Count,255.000000,,0,,,,,2024-09-02 11:22:03+00
Work and labour force status by age,,Ethnic group,37144,Tuvaluan,2023,Census,Work and labour force status,1,Employed Full-time,Life cycle age group for people aged 15 years and over,2,15-29 years,Percent,42.100000,percent,1,,,,,2024-09-02 11:22:44+00
Work and labour force status by age,,Ethnic group,37144,Tuvaluan,2023,Census,Work and labour force status,1,Employed Full-time,Life cycle age group for people aged 15 years and over,3,30-64 years,Percent,52.800000,percent,1,,,,,2024-09-02 11:22:44+00
Work and labour force status by age,,Ethnic group,37144,Tuvaluan,2023,Census,Work and labour force status,1,Employed Full-time,Life cycle age group for people aged 15 years and over,4,65 years and over,Percent,7.900000,percent,1,,,,,2024-09-02 11:22:44+00
Work and labour force status by age,,Ethnic group,37144,Tuvaluan,2023,Census,Work and labour force status,2,Employed Part-time,Life cycle age group for people aged 15 years and over,2,15-29 years,Percent,12.900000,percent,1,,,,,2024-09-02 11:22:44+00
Work and labour force status by age,,Ethnic group,37144,Tuvaluan,2023,Census,Work and labour force status,2,Employed Part-time,Life cycle age group for people aged 15 years and over,3,30-64 years,Percent,9.000000,percent,1,,,,,2024-09-02 11:22:44+00
Work and labour force status by age,,Ethnic group,37144,Tuvaluan,2023,Census,Work and labour force status,2,Employed Part-time,Life cycle age group for people aged 15 years and over,4,65 years and over,Percent,5.000000,percent,1,,,,,2024-09-02 11:22:44+00
Work and labour force status by age,,Ethnic group,37144,Tuvaluan,2023,Census,Work and labour force status,3,Unemployed,Life cycle age group for people aged 15 years and over,2,15-29 years,Percent,8.100000,percent,1,,,,,2024-09-02 11:22:44+00
Work and labour force status by age,,Ethnic group,37144,Tuvaluan,2023,Census,Work and labour force status,3,Unemployed,Life cycle age group for people aged 15 years and over,3,30-64 years,Percent,6.100000,percent,1,,,,,2024-09-02 11:22:44+00
Work and labour force status by age,,Ethnic group,37144,Tuvaluan,2023,Census,Work and labour force status,3,Unemployed,Life cycle age group for people aged 15 years and over,4,65 years and over,Percent,2.000000,percent,1,,,,,2024-09-02 11:22:44+00
Work and labour force status by age,,Ethnic group,37144,Tuvaluan,2023,Census,Work and labour force status,4,Not in the Labour Force,Life cycle age group for people aged 15 years and over,2,15-29 years,Percent,36.700000,percent,1,,,,,2024-09-02 11:22:44+00
Work and labour force status by age,,Ethnic group,37144,Tuvaluan,2023,Census,Work and labour force status,4,Not in the Labour Force,Life cycle age group for people aged 15 years and over,3,30-64 years,Percent,32.100000,percent,1,,,,,2024-09-02 11:22:44+00
Work and labour force status by age,,Ethnic group,37144,Tuvaluan,2023,Census,Work and labour force status,4,Not in the Labour Force,Life cycle age group for people aged 15 years and over,4,65 years and over,Percent,84.200000,percent,1,,,,,2024-09-02 11:22:44+00
Work and labour force status by gender,,Ethnic group,37144,Tuvaluan,2023,Census,Work and labour force status,1,Employed Full-time,Gender,1,Male / Tāne,Count,1125.000000,,0,,,,,2024-09-02 11:23:23+00
Work and labour force status by gender,,Ethnic group,37144,Tuvaluan,2023,Census,Work and labour force status,1,Employed Full-time,Gender,2,Female / Wahine,Count,771.000000,,0,,,,,2024-09-02 11:23:23+00
Work and labour force status by gender,,Ethnic group,37144,Tuvaluan,2023,Census,Work and labour force status,1,Employed Full-time,Gender,3,Another gender / He ira kē anō,Count,3.000000,,0,,,,,2024-09-02 11:23:23+00
Work and labour force status by gender,,Ethnic group,37144,Tuvaluan,2023,Census,Work and labour force status,2,Employed Part-time,Gender,1,Male / Tāne,Count,165.000000,,0,,,,,2024-09-02 11:23:23+00
Work and labour force status by gender,,Ethnic group,37144,Tuvaluan,2023,Census,Work and labour force status,2,Employed Part-time,Gender,2,Female / Wahine,Count,279.000000,,0,,,,,2024-09-02 11:23:23+00
Work and labour force status by gender,,Ethnic group,37144,Tuvaluan,2023,Census,Work and labour force status,2,Employed Part-time,Gender,3,Another gender / He ira kē anō,Count,0.000000,,0,,,,,2024-09-02 11:23:23+00
Work and labour force status by gender,,Ethnic group,37144,Tuvaluan,2023,Census,Work and labour force status,3,Unemployed,Gender,1,Male / Tāne,Count,123.000000,,0,,,,,2024-09-02 11:23:23+00
Work and labour force status by gender,,Ethnic group,37144,Tuvaluan,2023,Census,Work and labour force status,3,Unemployed,Gender,2,Female / Wahine,Count,159.000000,,0,,,,,2024-09-02 11:23:23+00
Work and labour force status by gender,,Ethnic group,37144,Tuvaluan,2023,Census,Work and labour force status,3,Unemployed,Gender,3,Another gender / He ira kē anō,Count,0.000000,,0,,,,,2024-09-02 11:23:23+00
Work and labour force status by gender,,Ethnic group,37144,Tuvaluan,2023,Census,Work and labour force status,4,Not in the Labour Force,Gender,1,Male / Tāne,Count,621.000000,,0,,,,,2024-09-02 11:23:23+00
Work and labour force status by gender,,Ethnic group,37144,Tuvaluan,2023,Census,Work and labour force status,4,Not in the Labour Force,Gender,2,Female / Wahine,Count,978.000000,,0,,,,,2024-09-02 11:23:23+00
Work and labour force status by gender,,Ethnic group,37144,Tuvaluan,2023,Census,Work and labour force status,4,Not in the Labour Force,Gender,3,Another gender / He ira kē anō,Count,9.000000,,0,,,,,2024-09-02 11:23:23+00
Work and labour force status by gender,,Ethnic group,37144,Tuvaluan,2023,Census,Work and labour force status,1,Employed Full-time,Gender,1,Male / Tāne,Percent,55.300000,percent,1,,,,,2024-09-02 11:23:58+00
Work and labour force status by gender,,Ethnic group,37144,Tuvaluan,2023,Census,Work and labour force status,1,Employed Full-time,Gender,2,Female / Wahine,Percent,35.300000,percent,1,,,,,2024-09-02 11:23:58+00
Work and labour force status by gender,,Ethnic group,37144,Tuvaluan,2023,Census,Work and labour force status,1,Employed Full-time,Gender,3,Another gender / He ira kē anō,Percent,25.000000,percent,1,,,,,2024-09-02 11:23:58+00
Work and labour force status by gender,,Ethnic group,37144,Tuvaluan,2023,Census,Work and labour force status,2,Employed Part-time,Gender,1,Male / Tāne,Percent,8.100000,percent,1,,,,,2024-09-02 11:23:58+00
Work and labour force status by gender,,Ethnic group,37144,Tuvaluan,2023,Census,Work and labour force status,2,Employed Part-time,Gender,2,Female / Wahine,Percent,12.800000,percent,1,,,,,2024-09-02 11:23:58+00
Work and labour force status by gender,,Ethnic group,37144,Tuvaluan,2023,Census,Work and labour force status,2,Employed Part-time,Gender,3,Another gender / He ira kē anō,Percent,0.000000,percent,1,,,,,2024-09-02 11:23:58+00
Work and labour force status by gender,,Ethnic group,37144,Tuvaluan,2023,Census,Work and labour force status,3,Unemployed,Gender,1,Male / Tāne,Percent,6.000000,percent,1,,,,,2024-09-02 11:23:58+00
Work and labour force status by gender,,Ethnic group,37144,Tuvaluan,2023,Census,Work and labour force status,3,Unemployed,Gender,2,Female / Wahine,Percent,7.300000,percent,1,,,,,2024-09-02 11:23:58+00
Work and labour force status by gender,,Ethnic group,37144,Tuvaluan,2023,Census,Work and labour force status,3,Unemployed,Gender,3,Another gender / He ira kē anō,Percent,0.000000,percent,1,,,,,2024-09-02 11:23:58+00
Work and labour force status by gender,,Ethnic group,37144,Tuvaluan,2023,Census,Work and labour force status,4,Not in the Labour Force,Gender,1,Male / Tāne,Percent,30.500000,percent,1,,,,,2024-09-02 11:23:58+00
Work and labour force status by gender,,Ethnic group,37144,Tuvaluan,2023,Census,Work and labour force status,4,Not in the Labour Force,Gender,2,Female / Wahine,Percent,44.800000,percent,1,,,,,2024-09-02 11:23:58+00
Work and labour force status by gender,,Ethnic group,37144,Tuvaluan,2023,Census,Work and labour force status,4,Not in the Labour Force,Gender,3,Another gender / He ira kē anō,Percent,75.000000,percent,1,,,,,2024-09-02 11:23:58+00
Hours worked in employment per week by gender,,Ethnic group,37144,Tuvaluan,2023,Census,Hours worked per week,1,1-9 hours worked,Gender,1,Male / Tāne,Count,51.000000,,0,,,,,2024-09-02 11:26:33+00
Hours worked in employment per week by gender,,Ethnic group,37144,Tuvaluan,2023,Census,Hours worked per week,1,1-9 hours worked,Gender,2,Female / Wahine,Count,69.000000,,0,,,,,2024-09-02 11:26:33+00
Hours worked in employment per week by gender,,Ethnic group,37144,Tuvaluan,2023,Census,Hours worked per week,1,1-9 hours worked,Gender,3,Another gender / He ira kē anō,Count,0.000000,,0,,,,,2024-09-02 11:26:33+00
Hours worked in employment per week by gender,,Ethnic group,37144,Tuvaluan,2023,Census,Hours worked per week,2,10-19 hours worked,Gender,1,Male / Tāne,Count,54.000000,,0,,,,,2024-09-02 11:26:33+00
Hours worked in employment per week by gender,,Ethnic group,37144,Tuvaluan,2023,Census,Hours worked per week,2,10-19 hours worked,Gender,2,Female / Wahine,Count,72.000000,,0,,,,,2024-09-02 11:26:33+00
Hours worked in employment per week by gender,,Ethnic group,37144,Tuvaluan,2023,Census,Hours worked per week,2,10-19 hours worked,Gender,3,Another gender / He ira kē anō,Count,0.000000,,0,,,,,2024-09-02 11:26:33+00
Hours worked in employment per week by gender,,Ethnic group,37144,Tuvaluan,2023,Census,Hours worked per week,3,20-29 hours worked,Gender,1,Male / Tāne,Count,63.000000,,0,,,,,2024-09-02 11:26:33+00
Hours worked in employment per week by gender,,Ethnic group,37144,Tuvaluan,2023,Census,Hours worked per week,3,20-29 hours worked,Gender,2,Female / Wahine,Count,138.000000,,0,,,,,2024-09-02 11:26:33+00
Hours worked in employment per week by gender,,Ethnic group,37144,Tuvaluan,2023,Census,Hours worked per week,3,20-29 hours worked,Gender,3,Another gender / He ira kē anō,Count,0.000000,,0,,,,,2024-09-02 11:26:33+00
Hours worked in employment per week by gender,,Ethnic group,37144,Tuvaluan,2023,Census,Hours worked per week,4,30-39 hours worked,Gender,1,Male / Tāne,Count,123.000000,,0,,,,,2024-09-02 11:26:33+00
Hours worked in employment per week by gender,,Ethnic group,37144,Tuvaluan,2023,Census,Hours worked per week,4,30-39 hours worked,Gender,2,Female / Wahine,Count,171.000000,,0,,,,,2024-09-02 11:26:33+00
Hours worked in employment per week by gender,,Ethnic group,37144,Tuvaluan,2023,Census,Hours worked per week,4,30-39 hours worked,Gender,3,Another gender / He ira kē anō,Count,3.000000,,0,,,,,2024-09-02 11:26:33+00
Hours worked in employment per week by gender,,Ethnic group,37144,Tuvaluan,2023,Census,Hours worked per week,5,40-49 hours worked,Gender,1,Male / Tāne,Count,792.000000,,0,,,,,2024-09-02 11:26:33+00
Hours worked in employment per week by gender,,Ethnic group,37144,Tuvaluan,2023,Census,Hours worked per week,5,40-49 hours worked,Gender,2,Female / Wahine,Count,498.000000,,0,,,,,2024-09-02 11:26:33+00
Hours worked in employment per week by gender,,Ethnic group,37144,Tuvaluan,2023,Census,Hours worked per week,5,40-49 hours worked,Gender,3,Another gender / He ira kē anō,Count,3.000000,,0,,,,,2024-09-02 11:26:33+00
Hours worked in employment per week by gender,,Ethnic group,37144,Tuvaluan,2023,Census,Hours worked per week,6,50-59 hours worked,Gender,1,Male / Tāne,Count,141.000000,,0,,,,,2024-09-02 11:26:33+00
Hours worked in employment per week by gender,,Ethnic group,37144,Tuvaluan,2023,Census,Hours worked per week,6,50-59 hours worked,Gender,2,Female / Wahine,Count,57.000000,,0,,,,,2024-09-02 11:26:33+00
Hours worked in employment per week by gender,,Ethnic group,37144,Tuvaluan,2023,Census,Hours worked per week,6,50-59 hours worked,Gender,3,Another gender / He ira kē anō,Count,3.000000,,0,,,,,2024-09-02 11:26:33+00
Hours worked in employment per week by gender,,Ethnic group,37144,Tuvaluan,2023,Census,Hours worked per week,7,60 hours or more worked,Gender,1,Male / Tāne,Count,66.000000,,0,,,,,2024-09-02 11:26:33+00
Hours worked in employment per week by gender,,Ethnic group,37144,Tuvaluan,2023,Census,Hours worked per week,7,60 hours or more worked,Gender,2,Female / Wahine,Count,45.000000,,0,,,,,2024-09-02 11:26:33+00
Hours worked in employment per week by gender,,Ethnic group,37144,Tuvaluan,2023,Census,Hours worked per week,7,60 hours or more worked,Gender,3,Another gender / He ira kē anō,Count,0.000000,,0,,,,,2024-09-02 11:26:33+00
Hours worked in employment per week by gender,,Ethnic group,37144,Tuvaluan,2023,Census,Hours worked per week,1,1-9 hours worked,Gender,1,Male / Tāne,Percent,4.000000,percent,1,,,,,2024-09-02 11:28:49+00
Hours worked in employment per week by gender,,Ethnic group,37144,Tuvaluan,2023,Census,Hours worked per week,1,1-9 hours worked,Gender,2,Female / Wahine,Percent,6.600000,percent,1,,,,,2024-09-02 11:28:49+00
Hours worked in employment per week by gender,,Ethnic group,37144,Tuvaluan,2023,Census,Hours worked per week,1,1-9 hours worked,Gender,3,Another gender / He ira kē anō,Percent,0.000000,percent,1,,,,,2024-09-02 11:28:49+00
Hours worked in employment per week by gender,,Ethnic group,37144,Tuvaluan,2023,Census,Hours worked per week,2,10-19 hours worked,Gender,1,Male / Tāne,Percent,4.200000,percent,1,,,,,2024-09-02 11:28:49+00
Hours worked in employment per week by gender,,Ethnic group,37144,Tuvaluan,2023,Census,Hours worked per week,2,10-19 hours worked,Gender,2,Female / Wahine,Percent,6.900000,percent,1,,,,,2024-09-02 11:28:49+00
Hours worked in employment per week by gender,,Ethnic group,37144,Tuvaluan,2023,Census,Hours worked per week,2,10-19 hours worked,Gender,3,Another gender / He ira kē anō,Percent,0.000000,percent,1,,,,,2024-09-02 11:28:49+00
Hours worked in employment per week by gender,,Ethnic group,37144,Tuvaluan,2023,Census,Hours worked per week,3,20-29 hours worked,Gender,1,Male / Tāne,Percent,4.900000,percent,1,,,,,2024-09-02 11:28:49+00
Hours worked in employment per week by gender,,Ethnic group,37144,Tuvaluan,2023,Census,Hours worked per week,3,20-29 hours worked,Gender,2,Female / Wahine,Percent,13.100000,percent,1,,,,,2024-09-02 11:28:49+00
Hours worked in employment per week by gender,,Ethnic group,37144,Tuvaluan,2023,Census,Hours worked per week,3,20-29 hours worked,Gender,3,Another gender / He ira kē anō,Percent,0.000000,percent,1,,,,,2024-09-02 11:28:49+00
Hours worked in employment per week by gender,,Ethnic group,37144,Tuvaluan,2023,Census,Hours worked per week,4,30-39 hours worked,Gender,1,Male / Tāne,Percent,9.500000,percent,1,,,,,2024-09-02 11:28:49+00
Hours worked in employment per week by gender,,Ethnic group,37144,Tuvaluan,2023,Census,Hours worked per week,4,30-39 hours worked,Gender,2,Female / Wahine,Percent,16.300000,percent,1,,,,,2024-09-02 11:28:49+00
Hours worked in employment per week by gender,,Ethnic group,37144,Tuvaluan,2023,Census,Hours worked per week,4,30-39 hours worked,Gender,3,Another gender / He ira kē anō,Percent,100.000000,percent,1,,,,,2024-09-02 11:28:49+00
Hours worked in employment per week by gender,,Ethnic group,37144,Tuvaluan,2023,Census,Hours worked per week,5,40-49 hours worked,Gender,1,Male / Tāne,Percent,61.400000,percent,1,,,,,2024-09-02 11:28:49+00
Hours worked in employment per week by gender,,Ethnic group,37144,Tuvaluan,2023,Census,Hours worked per week,5,40-49 hours worked,Gender,2,Female / Wahine,Percent,47.400000,percent,1,,,,,2024-09-02 11:28:49+00
Hours worked in employment per week by gender,,Ethnic group,37144,Tuvaluan,2023,Census,Hours worked per week,5,40-49 hours worked,Gender,3,Another gender / He ira kē anō,Percent,100.000000,percent,1,,,,,2024-09-02 11:28:49+00
Hours worked in employment per week by gender,,Ethnic group,37144,Tuvaluan,2023,Census,Hours worked per week,6,50-59 hours worked,Gender,1,Male / Tāne,Percent,10.900000,percent,1,,,,,2024-09-02 11:28:49+00
Hours worked in employment per week by gender,,Ethnic group,37144,Tuvaluan,2023,Census,Hours worked per week,6,50-59 hours worked,Gender,2,Female / Wahine,Percent,5.400000,percent,1,,,,,2024-09-02 11:28:49+00
Hours worked in employment per week by gender,,Ethnic group,37144,Tuvaluan,2023,Census,Hours worked per week,6,50-59 hours worked,Gender,3,Another gender / He ira kē anō,Percent,100.000000,percent,1,,,,,2024-09-02 11:28:49+00
Hours worked in employment per week by gender,,Ethnic group,37144,Tuvaluan,2023,Census,Hours worked per week,7,60 hours or more worked,Gender,1,Male / Tāne,Percent,5.100000,percent,1,,,,,2024-09-02 11:28:49+00
Hours worked in employment per week by gender,,Ethnic group,37144,Tuvaluan,2023,Census,Hours worked per week,7,60 hours or more worked,Gender,2,Female / Wahine,Percent,4.300000,percent,1,,,,,2024-09-02 11:28:49+00
Hours worked in employment per week by gender,,Ethnic group,37144,Tuvaluan,2023,Census,Hours worked per week,7,60 hours or more worked,Gender,3,Another gender / He ira kē anō,Percent,0.000000,percent,1,,,,,2024-09-02 11:28:49+00
Occupation by gender,,Ethnic group,37144,Tuvaluan,2023,Census,Occupation,1,Managers,Gender,1,Male / Tāne,Count,144.000000,,0,,,,,2024-09-02 11:31:10+00
Occupation by gender,,Ethnic group,37144,Tuvaluan,2023,Census,Occupation,1,Managers,Gender,2,Female / Wahine,Count,78.000000,,0,,,,,2024-09-02 11:31:10+00
Occupation by gender,,Ethnic group,37144,Tuvaluan,2023,Census,Occupation,1,Managers,Gender,3,Another gender / He ira kē anō,Count,0.000000,,0,,,,,2024-09-02 11:31:10+00
Occupation by gender,,Ethnic group,37144,Tuvaluan,2023,Census,Occupation,2,Professionals,Gender,1,Male / Tāne,Count,177.000000,,0,,,,,2024-09-02 11:31:10+00
Occupation by gender,,Ethnic group,37144,Tuvaluan,2023,Census,Occupation,2,Professionals,Gender,2,Female / Wahine,Count,213.000000,,0,,,,,2024-09-02 11:31:10+00
Occupation by gender,,Ethnic group,37144,Tuvaluan,2023,Census,Occupation,2,Professionals,Gender,3,Another gender / He ira kē anō,Count,0.000000,,0,,,,,2024-09-02 11:31:10+00
Occupation by gender,,Ethnic group,37144,Tuvaluan,2023,Census,Occupation,3,Technicians and Trades Workers,Gender,1,Male / Tāne,Count,237.000000,,0,,,,,2024-09-02 11:31:10+00
Occupation by gender,,Ethnic group,37144,Tuvaluan,2023,Census,Occupation,3,Technicians and Trades Workers,Gender,2,Female / Wahine,Count,33.000000,,0,,,,,2024-09-02 11:31:10+00
Occupation by gender,,Ethnic group,37144,Tuvaluan,2023,Census,Occupation,3,Technicians and Trades Workers,Gender,3,Another gender / He ira kē anō,Count,0.000000,,0,,,,,2024-09-02 11:31:10+00
Occupation by gender,,Ethnic group,37144,Tuvaluan,2023,Census,Occupation,4,Community and Personal Service Workers,Gender,1,Male / Tāne,Count,114.000000,,0,,,,,2024-09-02 11:31:10+00
Occupation by gender,,Ethnic group,37144,Tuvaluan,2023,Census,Occupation,4,Community and Personal Service Workers,Gender,2,Female / Wahine,Count,228.000000,,0,,,,,2024-09-02 11:31:10+00
Occupation by gender,,Ethnic group,37144,Tuvaluan,2023,Census,Occupation,4,Community and Personal Service Workers,Gender,3,Another gender / He ira kē anō,Count,0.000000,,0,,,,,2024-09-02 11:31:10+00
Occupation by gender,,Ethnic group,37144,Tuvaluan,2023,Census,Occupation,5,Clerical and Administrative Workers,Gender,1,Male / Tāne,Count,54.000000,,0,,,,,2024-09-02 11:31:10+00
Occupation by gender,,Ethnic group,37144,Tuvaluan,2023,Census,Occupation,5,Clerical and Administrative Workers,Gender,2,Female / Wahine,Count,123.000000,,0,,,,,2024-09-02 11:31:10+00
Occupation by gender,,Ethnic group,37144,Tuvaluan,2023,Census,Occupation,5,Clerical and Administrative Workers,Gender,3,Another gender / He ira kē anō,Count,3.000000,,0,,,,,2024-09-02 11:31:10+00
Occupation by gender,,Ethnic group,37144,Tuvaluan,2023,Census,Occupation,6,Sales Workers,Gender,1,Male / Tāne,Count,54.000000,,0,,,,,2024-09-02 11:31:10+00
Occupation by gender,,Ethnic group,37144,Tuvaluan,2023,Census,Occupation,6,Sales Workers,Gender,2,Female / Wahine,Count,99.000000,,0,,,,,2024-09-02 11:31:10+00
Occupation by gender,,Ethnic group,37144,Tuvaluan,2023,Census,Occupation,6,Sales Workers,Gender,3,Another gender / He ira kē anō,Count,0.000000,,0,,,,,2024-09-02 11:31:10+00
Occupation by gender,,Ethnic group,37144,Tuvaluan,2023,Census,Occupation,7,Machinery Operators and Drivers,Gender,1,Male / Tāne,Count,159.000000,,0,,,,,2024-09-02 11:31:10+00
Occupation by gender,,Ethnic group,37144,Tuvaluan,2023,Census,Occupation,7,Machinery Operators and Drivers,Gender,2,Female / Wahine,Count,51.000000,,0,,,,,2024-09-02 11:31:10+00
Occupation by gender,,Ethnic group,37144,Tuvaluan,2023,Census,Occupation,7,Machinery Operators and Drivers,Gender,3,Another gender / He ira kē anō,Count,0.000000,,0,,,,,2024-09-02 11:31:10+00
Occupation by gender,,Ethnic group,37144,Tuvaluan,2023,Census,Occupation,8,Labourers,Gender,1,Male / Tāne,Count,357.000000,,0,,,,,2024-09-02 11:31:10+00
Occupation by gender,,Ethnic group,37144,Tuvaluan,2023,Census,Occupation,8,Labourers,Gender,2,Female / Wahine,Count,222.000000,,0,,,,,2024-09-02 11:31:10+00
Occupation by gender,,Ethnic group,37144,Tuvaluan,2023,Census,Occupation,8,Labourers,Gender,3,Another gender / He ira kē anō,Count,3.000000,,0,,,,,2024-09-02 11:31:10+00
Occupation by gender,,Ethnic group,37144,Tuvaluan,2023,Census,Occupation,1,Managers,Gender,1,Male / Tāne,Percent,11.200000,percent,1,,,,,2024-09-02 11:33:37+00
Occupation by gender,,Ethnic group,37144,Tuvaluan,2023,Census,Occupation,1,Managers,Gender,2,Female / Wahine,Percent,7.400000,percent,1,,,,,2024-09-02 11:33:37+00
Occupation by gender,,Ethnic group,37144,Tuvaluan,2023,Census,Occupation,1,Managers,Gender,3,Another gender / He ira kē anō,Percent,0.000000,percent,1,,,,,2024-09-02 11:33:37+00
Occupation by gender,,Ethnic group,37144,Tuvaluan,2023,Census,Occupation,2,Professionals,Gender,1,Male / Tāne,Percent,13.700000,percent,1,,,,,2024-09-02 11:33:37+00
Occupation by gender,,Ethnic group,37144,Tuvaluan,2023,Census,Occupation,2,Professionals,Gender,2,Female / Wahine,Percent,20.300000,percent,1,,,,,2024-09-02 11:33:37+00
Occupation by gender,,Ethnic group,37144,Tuvaluan,2023,Census,Occupation,2,Professionals,Gender,3,Another gender / He ira kē anō,Percent,0.000000,percent,1,,,,,2024-09-02 11:33:37+00
Occupation by gender,,Ethnic group,37144,Tuvaluan,2023,Census,Occupation,3,Technicians and Trades Workers,Gender,1,Male / Tāne,Percent,18.400000,percent,1,,,,,2024-09-02 11:33:37+00
Occupation by gender,,Ethnic group,37144,Tuvaluan,2023,Census,Occupation,3,Technicians and Trades Workers,Gender,2,Female / Wahine,Percent,3.100000,percent,1,,,,,2024-09-02 11:33:37+00
Occupation by gender,,Ethnic group,37144,Tuvaluan,2023,Census,Occupation,3,Technicians and Trades Workers,Gender,3,Another gender / He ira kē anō,Percent,0.000000,percent,1,,,,,2024-09-02 11:33:37+00
Occupation by gender,,Ethnic group,37144,Tuvaluan,2023,Census,Occupation,4,Community and Personal Service Workers,Gender,1,Male / Tāne,Percent,8.800000,percent,1,,,,,2024-09-02 11:33:37+00
Occupation by gender,,Ethnic group,37144,Tuvaluan,2023,Census,Occupation,4,Community and Personal Service Workers,Gender,2,Female / Wahine,Percent,21.700000,percent,1,,,,,2024-09-02 11:33:37+00
Occupation by gender,,Ethnic group,37144,Tuvaluan,2023,Census,Occupation,4,Community and Personal Service Workers,Gender,3,Another gender / He ira kē anō,Percent,0.000000,percent,1,,,,,2024-09-02 11:33:37+00
Occupation by gender,,Ethnic group,37144,Tuvaluan,2023,Census,Occupation,5,Clerical and Administrative Workers,Gender,1,Male / Tāne,Percent,4.200000,percent,1,,,,,2024-09-02 11:33:37+00
Occupation by gender,,Ethnic group,37144,Tuvaluan,2023,Census,Occupation,5,Clerical and Administrative Workers,Gender,2,Female / Wahine,Percent,11.700000,percent,1,,,,,2024-09-02 11:33:37+00
Occupation by gender,,Ethnic group,37144,Tuvaluan,2023,Census,Occupation,5,Clerical and Administrative Workers,Gender,3,Another gender / He ira kē anō,Percent,100.000000,percent,1,,,,,2024-09-02 11:33:37+00
Occupation by gender,,Ethnic group,37144,Tuvaluan,2023,Census,Occupation,6,Sales Workers,Gender,1,Male / Tāne,Percent,4.200000,percent,1,,,,,2024-09-02 11:33:37+00
Occupation by gender,,Ethnic group,37144,Tuvaluan,2023,Census,Occupation,6,Sales Workers,Gender,2,Female / Wahine,Percent,9.400000,percent,1,,,,,2024-09-02 11:33:37+00
Occupation by gender,,Ethnic group,37144,Tuvaluan,2023,Census,Occupation,6,Sales Workers,Gender,3,Another gender / He ira kē anō,Percent,0.000000,percent,1,,,,,2024-09-02 11:33:37+00
Occupation by gender,,Ethnic group,37144,Tuvaluan,2023,Census,Occupation,7,Machinery Operators and Drivers,Gender,1,Male / Tāne,Percent,12.300000,percent,1,,,,,2024-09-02 11:33:37+00
Occupation by gender,,Ethnic group,37144,Tuvaluan,2023,Census,Occupation,7,Machinery Operators and Drivers,Gender,2,Female / Wahine,Percent,4.900000,percent,1,,,,,2024-09-02 11:33:37+00
Occupation by gender,,Ethnic group,37144,Tuvaluan,2023,Census,Occupation,7,Machinery Operators and Drivers,Gender,3,Another gender / He ira kē anō,Percent,0.000000,percent,1,,,,,2024-09-02 11:33:37+00
Occupation by gender,,Ethnic group,37144,Tuvaluan,2023,Census,Occupation,8,Labourers,Gender,1,Male / Tāne,Percent,27.700000,percent,1,,,,,2024-09-02 11:33:37+00
Occupation by gender,,Ethnic group,37144,Tuvaluan,2023,Census,Occupation,8,Labourers,Gender,2,Female / Wahine,Percent,21.100000,percent,1,,,,,2024-09-02 11:33:37+00
Occupation by gender,,Ethnic group,37144,Tuvaluan,2023,Census,Occupation,8,Labourers,Gender,3,Another gender / He ira kē anō,Percent,100.000000,percent,1,,,,,2024-09-02 11:33:37+00
Unpaid activities by gender,,Ethnic group,37144,Tuvaluan,2023,Census,Unpaid activities,0,No activities,Gender,1,Male / Tāne,Count,297.000000,,0,,,,,2024-09-02 11:38:10+00
Unpaid activities by gender,,Ethnic group,37144,Tuvaluan,2023,Census,Unpaid activities,0,No activities,Gender,2,Female / Wahine,Count,249.000000,,0,,,,,2024-09-02 11:38:10+00
Unpaid activities by gender,,Ethnic group,37144,Tuvaluan,2023,Census,Unpaid activities,0,No activities,Gender,3,Another gender / He ira kē anō,Count,0.000000,,0,,,,,2024-09-02 11:38:10+00
Unpaid activities by gender,,Ethnic group,37144,Tuvaluan,2023,Census,Unpaid activities,1,"Household work, cooking, repairs, gardening, etc, for own household",Gender,1,Male / Tāne,Count,1146.000000,,0,,,,,2024-09-02 11:38:10+00
Unpaid activities by gender,,Ethnic group,37144,Tuvaluan,2023,Census,Unpaid activities,1,"Household work, cooking, repairs, gardening, etc, for own household",Gender,2,Female / Wahine,Count,1353.000000,,0,,,,,2024-09-02 11:38:10+00
Unpaid activities by gender,,Ethnic group,37144,Tuvaluan,2023,Census,Unpaid activities,1,"Household work, cooking, repairs, gardening, etc, for own household",Gender,3,Another gender / He ira kē anō,Count,9.000000,,0,,,,,2024-09-02 11:38:10+00
Unpaid activities by gender,,Ethnic group,37144,Tuvaluan,2023,Census,Unpaid activities,2,Looking after a child who is a member of own household,Gender,1,Male / Tāne,Count,552.000000,,0,,,,,2024-09-02 11:38:10+00
Unpaid activities by gender,,Ethnic group,37144,Tuvaluan,2023,Census,Unpaid activities,2,Looking after a child who is a member of own household,Gender,2,Female / Wahine,Count,756.000000,,0,,,,,2024-09-02 11:38:10+00
Unpaid activities by gender,,Ethnic group,37144,Tuvaluan,2023,Census,Unpaid activities,2,Looking after a child who is a member of own household,Gender,3,Another gender / He ira kē anō,Count,6.000000,,0,,,,,2024-09-02 11:38:10+00
Unpaid activities by gender,,Ethnic group,37144,Tuvaluan,2023,Census,Unpaid activities,3,Looking after a member of own household who is ill or has a disability,Gender,1,Male / Tāne,Count,144.000000,,0,,,,,2024-09-02 11:38:10+00
Unpaid activities by gender,,Ethnic group,37144,Tuvaluan,2023,Census,Unpaid activities,3,Looking after a member of own household who is ill or has a disability,Gender,2,Female / Wahine,Count,258.000000,,0,,,,,2024-09-02 11:38:10+00
Unpaid activities by gender,,Ethnic group,37144,Tuvaluan,2023,Census,Unpaid activities,3,Looking after a member of own household who is ill or has a disability,Gender,3,Another gender / He ira kē anō,Count,0.000000,,0,,,,,2024-09-02 11:38:10+00
Unpaid activities by gender,,Ethnic group,37144,Tuvaluan,2023,Census,Unpaid activities,4,Looking after a child who does not live in own household,Gender,1,Male / Tāne,Count,138.000000,,0,,,,,2024-09-02 11:38:10+00
Unpaid activities by gender,,Ethnic group,37144,Tuvaluan,2023,Census,Unpaid activities,4,Looking after a child who does not live in own household,Gender,2,Female / Wahine,Count,261.000000,,0,,,,,2024-09-02 11:38:10+00
Unpaid activities by gender,,Ethnic group,37144,Tuvaluan,2023,Census,Unpaid activities,4,Looking after a child who does not live in own household,Gender,3,Another gender / He ira kē anō,Count,0.000000,,0,,,,,2024-09-02 11:38:10+00
Unpaid activities by gender,,Ethnic group,37144,Tuvaluan,2023,Census,Unpaid activities,5,Helping someone who is ill or has a disability who does not live in own household,Gender,1,Male / Tāne,Count,84.000000,,0,,,,,2024-09-02 11:38:10+00
Unpaid activities by gender,,Ethnic group,37144,Tuvaluan,2023,Census,Unpaid activities,5,Helping someone who is ill or has a disability who does not live in own household,Gender,2,Female / Wahine,Count,138.000000,,0,,,,,2024-09-02 11:38:10+00
Unpaid activities by gender,,Ethnic group,37144,Tuvaluan,2023,Census,Unpaid activities,5,Helping someone who is ill or has a disability who does not live in own household,Gender,3,Another gender / He ira kē anō,Count,0.000000,,0,,,,,2024-09-02 11:38:10+00
Unpaid activities by gender,,Ethnic group,37144,Tuvaluan,2023,Census,Unpaid activities,6,"Other helping or voluntary work for or through any organisation, group or marae",Gender,1,Male / Tāne,Count,207.000000,,0,,,,,2024-09-02 11:38:10+00
Unpaid activities by gender,,Ethnic group,37144,Tuvaluan,2023,Census,Unpaid activities,6,"Other helping or voluntary work for or through any organisation, group or marae",Gender,2,Female / Wahine,Count,237.000000,,0,,,,,2024-09-02 11:38:10+00
Unpaid activities by gender,,Ethnic group,37144,Tuvaluan,2023,Census,Unpaid activities,6,"Other helping or voluntary work for or through any organisation, group or marae",Gender,3,Another gender / He ira kē anō,Count,3.000000,,0,,,,,2024-09-02 11:38:10+00
Unpaid activities by gender,,Ethnic group,37144,Tuvaluan,2023,Census,Unpaid activities,0,No activities,Gender,1,Male / Tāne,Percent,19.900000,percent,1,,,,,2024-09-02 11:42:53+00
Unpaid activities by gender,,Ethnic group,37144,Tuvaluan,2023,Census,Unpaid activities,0,No activities,Gender,2,Female / Wahine,Percent,14.900000,percent,1,,,,,2024-09-02 11:42:53+00
Unpaid activities by gender,,Ethnic group,37144,Tuvaluan,2023,Census,Unpaid activities,0,No activities,Gender,3,Another gender / He ira kē anō,Percent,0.000000,percent,1,,,,,2024-09-02 11:42:53+00
Unpaid activities by gender,,Ethnic group,37144,Tuvaluan,2023,Census,Unpaid activities,1,"Household work, cooking, repairs, gardening, etc, for own household",Gender,1,Male / Tāne,Percent,76.700000,percent,1,,,,,2024-09-02 11:42:53+00
Unpaid activities by gender,,Ethnic group,37144,Tuvaluan,2023,Census,Unpaid activities,1,"Household work, cooking, repairs, gardening, etc, for own household",Gender,2,Female / Wahine,Percent,80.800000,percent,1,,,,,2024-09-02 11:42:53+00
Unpaid activities by gender,,Ethnic group,37144,Tuvaluan,2023,Census,Unpaid activities,1,"Household work, cooking, repairs, gardening, etc, for own household",Gender,3,Another gender / He ira kē anō,Percent,100.000000,percent,1,,,,,2024-09-02 11:42:53+00
Unpaid activities by gender,,Ethnic group,37144,Tuvaluan,2023,Census,Unpaid activities,2,Looking after a child who is a member of own household,Gender,1,Male / Tāne,Percent,36.900000,percent,1,,,,,2024-09-02 11:42:53+00
Unpaid activities by gender,,Ethnic group,37144,Tuvaluan,2023,Census,Unpaid activities,2,Looking after a child who is a member of own household,Gender,2,Female / Wahine,Percent,45.200000,percent,1,,,,,2024-09-02 11:42:53+00
Unpaid activities by gender,,Ethnic group,37144,Tuvaluan,2023,Census,Unpaid activities,2,Looking after a child who is a member of own household,Gender,3,Another gender / He ira kē anō,Percent,66.700000,percent,1,,,,,2024-09-02 11:42:53+00
Unpaid activities by gender,,Ethnic group,37144,Tuvaluan,2023,Census,Unpaid activities,3,Looking after a member of own household who is ill or has a disability,Gender,1,Male / Tāne,Percent,9.600000,percent,1,,,,,2024-09-02 11:42:53+00
Unpaid activities by gender,,Ethnic group,37144,Tuvaluan,2023,Census,Unpaid activities,3,Looking after a member of own household who is ill or has a disability,Gender,2,Female / Wahine,Percent,15.400000,percent,1,,,,,2024-09-02 11:42:53+00
Unpaid activities by gender,,Ethnic group,37144,Tuvaluan,2023,Census,Unpaid activities,3,Looking after a member of own household who is ill or has a disability,Gender,3,Another gender / He ira kē anō,Percent,0.000000,percent,1,,,,,2024-09-02 11:42:53+00
Unpaid activities by gender,,Ethnic group,37144,Tuvaluan,2023,Census,Unpaid activities,4,Looking after a child who does not live in own household,Gender,1,Male / Tāne,Percent,9.200000,percent,1,,,,,2024-09-02 11:42:53+00
Unpaid activities by gender,,Ethnic group,37144,Tuvaluan,2023,Census,Unpaid activities,4,Looking after a child who does not live in own household,Gender,2,Female / Wahine,Percent,15.600000,percent,1,,,,,2024-09-02 11:42:53+00
Unpaid activities by gender,,Ethnic group,37144,Tuvaluan,2023,Census,Unpaid activities,4,Looking after a child who does not live in own household,Gender,3,Another gender / He ira kē anō,Percent,0.000000,percent,1,,,,,2024-09-02 11:42:53+00
Unpaid activities by gender,,Ethnic group,37144,Tuvaluan,2023,Census,Unpaid activities,5,Helping someone who is ill or has a disability who does not live in own household,Gender,1,Male / Tāne,Percent,5.600000,percent,1,,,,,2024-09-02 11:42:53+00
Unpaid activities by gender,,Ethnic group,37144,Tuvaluan,2023,Census,Unpaid activities,5,Helping someone who is ill or has a disability who does not live in own household,Gender,2,Female / Wahine,Percent,8.200000,percent,1,,,,,2024-09-02 11:42:53+00
Unpaid activities by gender,,Ethnic group,37144,Tuvaluan,2023,Census,Unpaid activities,5,Helping someone who is ill or has a disability who does not live in own household,Gender,3,Another gender / He ira kē anō,Percent,0.000000,percent,1,,,,,2024-09-02 11:42:53+00
Unpaid activities by gender,,Ethnic group,37144,Tuvaluan,2023,Census,Unpaid activities,6,"Other helping or voluntary work for or through any organisation, group or marae",Gender,1,Male / Tāne,Percent,13.900000,percent,1,,,,,2024-09-02 11:42:53+00
Unpaid activities by gender,,Ethnic group,37144,Tuvaluan,2023,Census,Unpaid activities,6,"Other helping or voluntary work for or through any organisation, group or marae",Gender,2,Female / Wahine,Percent,14.200000,percent,1,,,,,2024-09-02 11:42:53+00
Unpaid activities by gender,,Ethnic group,37144,Tuvaluan,2023,Census,Unpaid activities,6,"Other helping or voluntary work for or through any organisation, group or marae",Gender,3,Another gender / He ira kē anō,Percent,33.300000,percent,1,,,,,2024-09-02 11:42:53+00
Median personal income by age,,Ethnic group,37144,Tuvaluan,2013,Census,Life cycle age group for people aged 15 years and over,2,15-29 years,,,,Median,5500.000000,dollars,0,,,,,2024-09-02 11:57:02+00
Median personal income by age,,Ethnic group,37144,Tuvaluan,2018,Census,Life cycle age group for people aged 15 years and over,2,15-29 years,,,,Median,8900.000000,dollars,0,,,,,2024-09-02 11:57:02+00
Median personal income by age,,Ethnic group,37144,Tuvaluan,2023,Census,Life cycle age group for people aged 15 years and over,2,15-29 years,,,,Median,16800.000000,dollars,0,,,,,2024-09-02 11:57:02+00
Median personal income by age,,Ethnic group,37144,Tuvaluan,2013,Census,Life cycle age group for people aged 15 years and over,3,30-64 years,,,,Median,24400.000000,dollars,0,,,,,2024-09-02 11:57:02+00
Median personal income by age,,Ethnic group,37144,Tuvaluan,2018,Census,Life cycle age group for people aged 15 years and over,3,30-64 years,,,,Median,29600.000000,dollars,0,,,,,2024-09-02 11:57:02+00
Median personal income by age,,Ethnic group,37144,Tuvaluan,2023,Census,Life cycle age group for people aged 15 years and over,3,30-64 years,,,,Median,39000.000000,dollars,0,,,,,2024-09-02 11:57:02+00
Median personal income by age,,Ethnic group,37144,Tuvaluan,2013,Census,Life cycle age group for people aged 15 years and over,4,65 years and over,,,,Median,7500.000000,dollars,0,,,,,2024-09-02 11:57:02+00
Median personal income by age,,Ethnic group,37144,Tuvaluan,2018,Census,Life cycle age group for people aged 15 years and over,4,65 years and over,,,,Median,16100.000000,dollars,0,,,,,2024-09-02 11:57:02+00
Median personal income by age,,Ethnic group,37144,Tuvaluan,2023,Census,Life cycle age group for people aged 15 years and over,4,65 years and over,,,,Median,18400.000000,dollars,0,,,,,2024-09-02 11:57:02+00
Total personal income by age,,Ethnic group,37144,Tuvaluan,2023,Census,Grouped personal income,1,"$10,000 or less",Life cycle age group for people aged 15 years and over,2,15-29 years,Count,765.000000,,0,,,,,2024-09-02 12:01:44+00
Total personal income by age,,Ethnic group,37144,Tuvaluan,2023,Census,Grouped personal income,1,"$10,000 or less",Life cycle age group for people aged 15 years and over,3,30-64 years,Count,444.000000,,0,,,,,2024-09-02 12:01:44+00
Total personal income by age,,Ethnic group,37144,Tuvaluan,2023,Census,Grouped personal income,1,"$10,000 or less",Life cycle age group for people aged 15 years and over,4,65 years and over,Count,102.000000,,0,,,,,2024-09-02 12:01:44+00
Total personal income by age,,Ethnic group,37144,Tuvaluan,2023,Census,Grouped personal income,2,"$10,001-$20,000",Life cycle age group for people aged 15 years and over,2,15-29 years,Count,237.000000,,0,,,,,2024-09-02 12:01:44+00
Total personal income by age,,Ethnic group,37144,Tuvaluan,2023,Census,Grouped personal income,2,"$10,001-$20,000",Life cycle age group for people aged 15 years and over,3,30-64 years,Count,237.000000,,0,,,,,2024-09-02 12:01:44+00
Total personal income by age,,Ethnic group,37144,Tuvaluan,2023,Census,Grouped personal income,2,"$10,001-$20,000",Life cycle age group for people aged 15 years and over,4,65 years and over,Count,63.000000,,0,,,,,2024-09-02 12:01:44+00
Total personal income by age,,Ethnic group,37144,Tuvaluan,2023,Census,Grouped personal income,3,"$20,001-$30,000",Life cycle age group for people aged 15 years and over,2,15-29 years,Count,183.000000,,0,,,,,2024-09-02 12:01:44+00
Total personal income by age,,Ethnic group,37144,Tuvaluan,2023,Census,Grouped personal income,3,"$20,001-$30,000",Life cycle age group for people aged 15 years and over,3,30-64 years,Count,189.000000,,0,,,,,2024-09-02 12:01:44+00
Total personal income by age,,Ethnic group,37144,Tuvaluan,2023,Census,Grouped personal income,3,"$20,001-$30,000",Life cycle age group for people aged 15 years and over,4,65 years and over,Count,75.000000,,0,,,,,2024-09-02 12:01:44+00
Total personal income by age,,Ethnic group,37144,Tuvaluan,2023,Census,Grouped personal income,4,"$30,001-$50,000",Life cycle age group for people aged 15 years and over,2,15-29 years,Count,333.000000,,0,,,,,2024-09-02 12:01:44+00
Total personal income by age,,Ethnic group,37144,Tuvaluan,2023,Census,Grouped personal income,4,"$30,001-$50,000",Life cycle age group for people aged 15 years and over,3,30-64 years,Count,384.000000,,0,,,,,2024-09-02 12:01:44+00
Total personal income by age,,Ethnic group,37144,Tuvaluan,2023,Census,Grouped personal income,4,"$30,001-$50,000",Life cycle age group for people aged 15 years and over,4,65 years and over,Count,33.000000,,0,,,,,2024-09-02 12:01:44+00
Total personal income by age,,Ethnic group,37144,Tuvaluan,2023,Census,Grouped personal income,5,"$50,001-$70,000",Life cycle age group for people aged 15 years and over,2,15-29 years,Count,240.000000,,0,,,,,2024-09-02 12:01:44+00
Total personal income by age,,Ethnic group,37144,Tuvaluan,2023,Census,Grouped personal income,5,"$50,001-$70,000",Life cycle age group for people aged 15 years and over,3,30-64 years,Count,438.000000,,0,,,,,2024-09-02 12:01:44+00
Total personal income by age,,Ethnic group,37144,Tuvaluan,2023,Census,Grouped personal income,5,"$50,001-$70,000",Life cycle age group for people aged 15 years and over,4,65 years and over,Count,12.000000,,0,,,,,2024-09-02 12:01:44+00
Total personal income by age,,Ethnic group,37144,Tuvaluan,2023,Census,Grouped personal income,6,"$70,001-$100,000",Life cycle age group for people aged 15 years and over,2,15-29 years,Count,72.000000,,0,,,,,2024-09-02 12:01:44+00
Total personal income by age,,Ethnic group,37144,Tuvaluan,2023,Census,Grouped personal income,6,"$70,001-$100,000",Life cycle age group for people aged 15 years and over,3,30-64 years,Count,261.000000,,0,,,,,2024-09-02 12:01:44+00
Total personal income by age,,Ethnic group,37144,Tuvaluan,2023,Census,Grouped personal income,6,"$70,001-$100,000",Life cycle age group for people aged 15 years and over,4,65 years and over,Count,9.000000,,0,,,,,2024-09-02 12:01:44+00
Total personal income by age,,Ethnic group,37144,Tuvaluan,2023,Census,Grouped personal income,7,"$100,001 or more",Life cycle age group for people aged 15 years and over,2,15-29 years,Count,21.000000,,0,,,,,2024-09-02 12:01:44+00
Total personal income by age,,Ethnic group,37144,Tuvaluan,2023,Census,Grouped personal income,7,"$100,001 or more",Life cycle age group for people aged 15 years and over,3,30-64 years,Count,126.000000,,0,,,,,2024-09-02 12:01:44+00
Total personal income by age,,Ethnic group,37144,Tuvaluan,2023,Census,Grouped personal income,7,"$100,001 or more",Life cycle age group for people aged 15 years and over,4,65 years and over,Count,9.000000,,0,,,,,2024-09-02 12:01:44+00
Total personal income by age,,Ethnic group,37144,Tuvaluan,2023,Census,Grouped personal income,1,"$10,000 or less",Life cycle age group for people aged 15 years and over,2,15-29 years,Percent,41.300000,percent,1,,,,,2024-09-02 12:06:49+00
Total personal income by age,,Ethnic group,37144,Tuvaluan,2023,Census,Grouped personal income,1,"$10,000 or less",Life cycle age group for people aged 15 years and over,3,30-64 years,Percent,21.400000,percent,1,,,,,2024-09-02 12:06:49+00
Total personal income by age,,Ethnic group,37144,Tuvaluan,2023,Census,Grouped personal income,1,"$10,000 or less",Life cycle age group for people aged 15 years and over,4,65 years and over,Percent,33.700000,percent,1,,,,,2024-09-02 12:06:49+00
Total personal income by age,,Ethnic group,37144,Tuvaluan,2023,Census,Grouped personal income,2,"$10,001-$20,000",Life cycle age group for people aged 15 years and over,2,15-29 years,Percent,12.800000,percent,1,,,,,2024-09-02 12:06:49+00
Total personal income by age,,Ethnic group,37144,Tuvaluan,2023,Census,Grouped personal income,2,"$10,001-$20,000",Life cycle age group for people aged 15 years and over,3,30-64 years,Percent,11.400000,percent,1,,,,,2024-09-02 12:06:49+00
Total personal income by age,,Ethnic group,37144,Tuvaluan,2023,Census,Grouped personal income,2,"$10,001-$20,000",Life cycle age group for people aged 15 years and over,4,65 years and over,Percent,20.800000,percent,1,,,,,2024-09-02 12:06:49+00
Total personal income by age,,Ethnic group,37144,Tuvaluan,2023,Census,Grouped personal income,3,"$20,001-$30,000",Life cycle age group for people aged 15 years and over,2,15-29 years,Percent,9.900000,percent,1,,,,,2024-09-02 12:06:49+00
Total personal income by age,,Ethnic group,37144,Tuvaluan,2023,Census,Grouped personal income,3,"$20,001-$30,000",Life cycle age group for people aged 15 years and over,3,30-64 years,Percent,9.100000,percent,1,,,,,2024-09-02 12:06:49+00
Total personal income by age,,Ethnic group,37144,Tuvaluan,2023,Census,Grouped personal income,3,"$20,001-$30,000",Life cycle age group for people aged 15 years and over,4,65 years and over,Percent,24.800000,percent,1,,,,,2024-09-02 12:06:49+00
Total personal income by age,,Ethnic group,37144,Tuvaluan,2023,Census,Grouped personal income,4,"$30,001-$50,000",Life cycle age group for people aged 15 years and over,2,15-29 years,Percent,18.000000,percent,1,,,,,2024-09-02 12:06:49+00
Total personal income by age,,Ethnic group,37144,Tuvaluan,2023,Census,Grouped personal income,4,"$30,001-$50,000",Life cycle age group for people aged 15 years and over,3,30-64 years,Percent,18.500000,percent,1,,,,,2024-09-02 12:06:49+00
Total personal income by age,,Ethnic group,37144,Tuvaluan,2023,Census,Grouped personal income,4,"$30,001-$50,000",Life cycle age group for people aged 15 years and over,4,65 years and over,Percent,10.900000,percent,1,,,,,2024-09-02 12:06:49+00
Total personal income by age,,Ethnic group,37144,Tuvaluan,2023,Census,Grouped personal income,5,"$50,001-$70,000",Life cycle age group for people aged 15 years and over,2,15-29 years,Percent,12.900000,percent,1,,,,,2024-09-02 12:06:49+00
Total personal income by age,,Ethnic group,37144,Tuvaluan,2023,Census,Grouped personal income,5,"$50,001-$70,000",Life cycle age group for people aged 15 years and over,3,30-64 years,Percent,21.100000,percent,1,,,,,2024-09-02 12:06:49+00
Total personal income by age,,Ethnic group,37144,Tuvaluan,2023,Census,Grouped personal income,5,"$50,001-$70,000",Life cycle age group for people aged 15 years and over,4,65 years and over,Percent,4.000000,percent,1,,,,,2024-09-02 12:06:49+00
Total personal income by age,,Ethnic group,37144,Tuvaluan,2023,Census,Grouped personal income,6,"$70,001-$100,000",Life cycle age group for people aged 15 years and over,2,15-29 years,Percent,3.900000,percent,1,,,,,2024-09-02 12:06:49+00
Total personal income by age,,Ethnic group,37144,Tuvaluan,2023,Census,Grouped personal income,6,"$70,001-$100,000",Life cycle age group for people aged 15 years and over,3,30-64 years,Percent,12.600000,percent,1,,,,,2024-09-02 12:06:49+00
Total personal income by age,,Ethnic group,37144,Tuvaluan,2023,Census,Grouped personal income,6,"$70,001-$100,000",Life cycle age group for people aged 15 years and over,4,65 years and over,Percent,3.000000,percent,1,,,,,2024-09-02 12:06:49+00
Total personal income by age,,Ethnic group,37144,Tuvaluan,2023,Census,Grouped personal income,7,"$100,001 or more",Life cycle age group for people aged 15 years and over,2,15-29 years,Percent,1.100000,percent,1,,,,,2024-09-02 12:06:49+00
Total personal income by age,,Ethnic group,37144,Tuvaluan,2023,Census,Grouped personal income,7,"$100,001 or more",Life cycle age group for people aged 15 years and over,3,30-64 years,Percent,6.100000,percent,1,,,,,2024-09-02 12:06:49+00
Total personal income by age,,Ethnic group,37144,Tuvaluan,2023,Census,Grouped personal income,7,"$100,001 or more",Life cycle age group for people aged 15 years and over,4,65 years and over,Percent,3.000000,percent,1,,,,,2024-09-02 12:06:49+00
Study participation by age,,Ethnic group,37144,Tuvaluan,2023,Census,Five year age group to 29 years old,1,0-4 years,Study participation,1,Full-time study,Count,210.000000,,0,,,,,2024-10-22 13:28:34+00
Study participation by age,,Ethnic group,37144,Tuvaluan,2023,Census,Five year age group to 29 years old,1,0-4 years,Study participation,2,Part-time study,Count,66.000000,,0,,,,,2024-10-22 13:28:34+00
Study participation by age,,Ethnic group,37144,Tuvaluan,2023,Census,Five year age group to 29 years old,1,0-4 years,Study participation,4,Not studying,Count,564.000000,,0,,,,,2024-10-22 13:28:34+00
Study participation by age,,Ethnic group,37144,Tuvaluan,2023,Census,Five year age group to 29 years old,2,5-9 years,Study participation,1,Full-time study,Count,630.000000,,0,,,,,2024-10-22 13:28:34+00
Study participation by age,,Ethnic group,37144,Tuvaluan,2023,Census,Five year age group to 29 years old,2,5-9 years,Study participation,2,Part-time study,Count,9.000000,,0,,,,,2024-10-22 13:28:34+00
Study participation by age,,Ethnic group,37144,Tuvaluan,2023,Census,Five year age group to 29 years old,2,5-9 years,Study participation,4,Not studying,Count,99.000000,,0,,,,,2024-10-22 13:28:34+00
Study participation by age,,Ethnic group,37144,Tuvaluan,2023,Census,Five year age group to 29 years old,3,10-14 years,Study participation,1,Full-time study,Count,687.000000,,0,,,,,2024-10-22 13:28:34+00
Study participation by age,,Ethnic group,37144,Tuvaluan,2023,Census,Life cycle age group for people aged 30 years and over,3,30-64 years,Study participation,1,Full-time study,Count,66.000000,,0,,,,,2024-10-22 13:28:35+00
Study participation by age,,Ethnic group,37144,Tuvaluan,2023,Census,Five year age group to 29 years old,3,10-14 years,Study participation,2,Part-time study,Count,6.000000,,0,,,,,2024-10-22 13:28:34+00
Study participation by age,,Ethnic group,37144,Tuvaluan,2023,Census,Life cycle age group for people aged 30 years and over,3,30-64 years,Study participation,2,Part-time study,Count,81.000000,,0,,,,,2024-10-22 13:28:35+00
Study participation by age,,Ethnic group,37144,Tuvaluan,2023,Census,Five year age group to 29 years old,3,10-14 years,Study participation,4,Not studying,Count,78.000000,,0,,,,,2024-10-22 13:28:34+00
Study participation by age,,Ethnic group,37144,Tuvaluan,2023,Census,Life cycle age group for people aged 30 years and over,3,30-64 years,Study participation,4,Not studying,Count,1926.000000,,0,,,,,2024-10-22 13:28:35+00
Study participation by age,,Ethnic group,37144,Tuvaluan,2023,Census,Life cycle age group for people aged 30 years and over,4,65 years and over,Study participation,1,Full-time study,Count,3.000000,,0,,,,,2024-10-22 13:28:35+00
Study participation by age,,Ethnic group,37144,Tuvaluan,2023,Census,Five year age group to 29 years old,4,15-19 years,Study participation,1,Full-time study,Count,402.000000,,0,,,,,2024-10-22 13:28:34+00
Study participation by age,,Ethnic group,37144,Tuvaluan,2023,Census,Life cycle age group for people aged 30 years and over,4,65 years and over,Study participation,2,Part-time study,Count,0.000000,,0,,,,,2024-10-22 13:28:35+00
Study participation by age,,Ethnic group,37144,Tuvaluan,2023,Census,Five year age group to 29 years old,4,15-19 years,Study participation,2,Part-time study,Count,18.000000,,0,,,,,2024-10-22 13:28:34+00
Study participation by age,,Ethnic group,37144,Tuvaluan,2023,Census,Life cycle age group for people aged 30 years and over,4,65 years and over,Study participation,4,Not studying,Count,300.000000,,0,,,,,2024-10-22 13:28:35+00
Study participation by age,,Ethnic group,37144,Tuvaluan,2023,Census,Five year age group to 29 years old,4,15-19 years,Study participation,4,Not studying,Count,309.000000,,0,,,,,2024-10-22 13:28:34+00
Study participation by age,,Ethnic group,37144,Tuvaluan,2023,Census,Five year age group to 29 years old,5,20-24 years,Study participation,1,Full-time study,Count,96.000000,,0,,,,,2024-10-22 13:28:34+00
Study participation by age,,Ethnic group,37144,Tuvaluan,2023,Census,Five year age group to 29 years old,5,20-24 years,Study participation,2,Part-time study,Count,21.000000,,0,,,,,2024-10-22 13:28:34+00
Study participation by age,,Ethnic group,37144,Tuvaluan,2023,Census,Five year age group to 29 years old,5,20-24 years,Study participation,4,Not studying,Count,513.000000,,0,,,,,2024-10-22 13:28:34+00
Study participation by age,,Ethnic group,37144,Tuvaluan,2023,Census,Five year age group to 29 years old,6,25-29 years,Study participation,1,Full-time study,Count,24.000000,,0,,,,,2024-10-22 13:28:34+00
Study participation by age,,Ethnic group,37144,Tuvaluan,2023,Census,Five year age group to 29 years old,6,25-29 years,Study participation,2,Part-time study,Count,21.000000,,0,,,,,2024-10-22 13:28:34+00
Study participation by age,,Ethnic group,37144,Tuvaluan,2023,Census,Five year age group to 29 years old,6,25-29 years,Study participation,4,Not studying,Count,450.000000,,0,,,,,2024-10-22 13:28:34+00
Study participation by age,,Ethnic group,37144,Tuvaluan,2023,Census,Five year age group to 29 years old,1,0-4 years,Study participation,1,Full-time study,Percent,25.000000,percent,1,,,,,2024-10-22 13:36:10+00
Study participation by age,,Ethnic group,37144,Tuvaluan,2023,Census,Five year age group to 29 years old,1,0-4 years,Study participation,2,Part-time study,Percent,7.900000,percent,1,,,,,2024-10-22 13:36:10+00
Study participation by age,,Ethnic group,37144,Tuvaluan,2023,Census,Five year age group to 29 years old,1,0-4 years,Study participation,4,Not studying,Percent,67.100000,percent,1,,,,,2024-10-22 13:36:10+00
Study participation by age,,Ethnic group,37144,Tuvaluan,2023,Census,Five year age group to 29 years old,2,5-9 years,Study participation,1,Full-time study,Percent,84.700000,percent,1,,,,,2024-10-22 13:36:10+00
Study participation by age,,Ethnic group,37144,Tuvaluan,2023,Census,Five year age group to 29 years old,2,5-9 years,Study participation,2,Part-time study,Percent,1.200000,percent,1,,,,,2024-10-22 13:36:10+00
Study participation by age,,Ethnic group,37144,Tuvaluan,2023,Census,Five year age group to 29 years old,2,5-9 years,Study participation,4,Not studying,Percent,13.300000,percent,1,,,,,2024-10-22 13:36:10+00
Study participation by age,,Ethnic group,37144,Tuvaluan,2023,Census,Life cycle age group for people aged 30 years and over,3,30-64 years,Study participation,1,Full-time study,Percent,3.200000,percent,1,,,,,2024-10-22 13:36:11+00
Study participation by age,,Ethnic group,37144,Tuvaluan,2023,Census,Five year age group to 29 years old,3,10-14 years,Study participation,1,Full-time study,Percent,89.100000,percent,1,,,,,2024-10-22 13:36:10+00
Study participation by age,,Ethnic group,37144,Tuvaluan,2023,Census,Life cycle age group for people aged 30 years and over,3,30-64 years,Study participation,2,Part-time study,Percent,3.900000,percent,1,,,,,2024-10-22 13:36:11+00
Study participation by age,,Ethnic group,37144,Tuvaluan,2023,Census,Five year age group to 29 years old,3,10-14 years,Study participation,2,Part-time study,Percent,0.800000,percent,1,,,,,2024-10-22 13:36:10+00
Study participation by age,,Ethnic group,37144,Tuvaluan,2023,Census,Five year age group to 29 years old,3,10-14 years,Study participation,4,Not studying,Percent,10.100000,percent,1,,,,,2024-10-22 13:36:10+00
Study participation by age,,Ethnic group,37144,Tuvaluan,2023,Census,Life cycle age group for people aged 30 years and over,3,30-64 years,Study participation,4,Not studying,Percent,92.900000,percent,1,,,,,2024-10-22 13:36:11+00
Study participation by age,,Ethnic group,37144,Tuvaluan,2023,Census,Life cycle age group for people aged 30 years and over,4,65 years and over,Study participation,1,Full-time study,Percent,1.000000,percent,1,,,,,2024-10-22 13:36:11+00
Study participation by age,,Ethnic group,37144,Tuvaluan,2023,Census,Five year age group to 29 years old,4,15-19 years,Study participation,1,Full-time study,Percent,54.900000,percent,1,,,,,2024-10-22 13:36:10+00
Study participation by age,,Ethnic group,37144,Tuvaluan,2023,Census,Five year age group to 29 years old,4,15-19 years,Study participation,2,Part-time study,Percent,2.500000,percent,1,,,,,2024-10-22 13:36:10+00
Study participation by age,,Ethnic group,37144,Tuvaluan,2023,Census,Life cycle age group for people aged 30 years and over,4,65 years and over,Study participation,2,Part-time study,Percent,0.000000,percent,1,,,,,2024-10-22 13:36:11+00
Study participation by age,,Ethnic group,37144,Tuvaluan,2023,Census,Five year age group to 29 years old,4,15-19 years,Study participation,4,Not studying,Percent,42.200000,percent,1,,,,,2024-10-22 13:36:10+00
Study participation by age,,Ethnic group,37144,Tuvaluan,2023,Census,Life cycle age group for people aged 30 years and over,4,65 years and over,Study participation,4,Not studying,Percent,99.000000,percent,1,,,,,2024-10-22 13:36:11+00
Study participation by age,,Ethnic group,37144,Tuvaluan,2023,Census,Five year age group to 29 years old,5,20-24 years,Study participation,1,Full-time study,Percent,15.200000,percent,1,,,,,2024-10-22 13:36:10+00
Study participation by age,,Ethnic group,37144,Tuvaluan,2023,Census,Five year age group to 29 years old,5,20-24 years,Study participation,2,Part-time study,Percent,3.300000,percent,1,,,,,2024-10-22 13:36:10+00
Study participation by age,,Ethnic group,37144,Tuvaluan,2023,Census,Five year age group to 29 years old,5,20-24 years,Study participation,4,Not studying,Percent,81.400000,percent,1,,,,,2024-10-22 13:36:10+00
Study participation by age,,Ethnic group,37144,Tuvaluan,2023,Census,Five year age group to 29 years old,6,25-29 years,Study participation,1,Full-time study,Percent,4.900000,percent,1,,,,,2024-10-22 13:36:10+00
Study participation by age,,Ethnic group,37144,Tuvaluan,2023,Census,Five year age group to 29 years old,6,25-29 years,Study participation,2,Part-time study,Percent,4.300000,percent,1,,,,,2024-10-22 13:36:10+00
Study participation by age,,Ethnic group,37144,Tuvaluan,2023,Census,Five year age group to 29 years old,6,25-29 years,Study participation,4,Not studying,Percent,91.500000,percent,1,,,,,2024-10-22 13:36:10+00
Highest qualification,,Ethnic group,37144,Tuvaluan,2023,Census,Highest qualification,0,No qualification,,,,Count,1086.000000,,0,,,,,2024-07-15 09:57:15+00
Highest qualification,,Ethnic group,37144,Tuvaluan,2023,Census,Highest qualification,1,Level 1 certificate,,,,Count,333.000000,,0,,,,,2024-07-15 09:57:15+00
Highest qualification,,Ethnic group,37144,Tuvaluan,2023,Census,Highest qualification,10,Doctorate degree,,,,Count,9.000000,,0,,,,,2024-07-15 09:57:15+00
Highest qualification,,Ethnic group,37144,Tuvaluan,2023,Census,Highest qualification,11,Overseas secondary school qualification,,,,Count,402.000000,,0,,,,,2024-07-15 09:57:15+00
Highest qualification,,Ethnic group,37144,Tuvaluan,2023,Census,Highest qualification,2,Level 2 certificate,,,,Count,453.000000,,0,,,,,2024-07-15 09:57:15+00
Highest qualification,,Ethnic group,37144,Tuvaluan,2023,Census,Highest qualification,3,Level 3 certificate,,,,Count,708.000000,,0,,,,,2024-07-15 09:57:15+00
Highest qualification,,Ethnic group,37144,Tuvaluan,2023,Census,Highest qualification,4,Level 4 certificate,,,,Count,300.000000,,0,,,,,2024-07-15 09:57:15+00
Highest qualification,,Ethnic group,37144,Tuvaluan,2023,Census,Highest qualification,5,Level 5 diploma,,,,Count,165.000000,,0,,,,,2024-07-15 09:57:15+00
Highest qualification,,Ethnic group,37144,Tuvaluan,2023,Census,Highest qualification,6,Level 6 diploma,,,,Count,84.000000,,0,,,,,2024-07-15 09:57:15+00
Highest qualification,,Ethnic group,37144,Tuvaluan,2023,Census,Highest qualification,7,Bachelor degree and Level 7 qualification,,,,Count,252.000000,,0,,,,,2024-07-15 09:57:15+00
Highest qualification,,Ethnic group,37144,Tuvaluan,2023,Census,Highest qualification,8,Post-graduate and honours degrees,,,,Count,57.000000,,0,,,,,2024-07-15 09:57:15+00
Highest qualification,,Ethnic group,37144,Tuvaluan,2023,Census,Highest qualification,9,Masters degree,,,,Count,54.000000,,0,,,,,2024-07-15 09:57:15+00
Highest qualification,,Ethnic group,37144,Tuvaluan,2023,Census,Highest qualification,0,No qualification,,,,Percent,27.800000,percent,1,,,,,2024-07-15 09:57:33+00
Highest qualification,,Ethnic group,37144,Tuvaluan,2023,Census,Highest qualification,1,Level 1 certificate,,,,Percent,8.500000,percent,1,,,,,2024-07-15 09:57:33+00
Highest qualification,,Ethnic group,37144,Tuvaluan,2023,Census,Highest qualification,10,Doctorate degree,,,,Percent,0.200000,percent,1,,,,,2024-07-15 09:57:33+00
Highest qualification,,Ethnic group,37144,Tuvaluan,2023,Census,Highest qualification,11,Overseas secondary school qualification,,,,Percent,10.300000,percent,1,,,,,2024-07-15 09:57:33+00
Highest qualification,,Ethnic group,37144,Tuvaluan,2023,Census,Highest qualification,2,Level 2 certificate,,,,Percent,11.600000,percent,1,,,,,2024-07-15 09:57:33+00
Highest qualification,,Ethnic group,37144,Tuvaluan,2023,Census,Highest qualification,3,Level 3 certificate,,,,Percent,18.200000,percent,1,,,,,2024-07-15 09:57:33+00
Highest qualification,,Ethnic group,37144,Tuvaluan,2023,Census,Highest qualification,4,Level 4 certificate,,,,Percent,7.700000,percent,1,,,,,2024-07-15 09:57:33+00
Highest qualification,,Ethnic group,37144,Tuvaluan,2023,Census,Highest qualification,5,Level 5 diploma,,,,Percent,4.200000,percent,1,,,,,2024-07-15 09:57:33+00
Highest qualification,,Ethnic group,37144,Tuvaluan,2023,Census,Highest qualification,6,Level 6 diploma,,,,Percent,2.200000,percent,1,,,,,2024-07-15 09:57:33+00
Highest qualification,,Ethnic group,37144,Tuvaluan,2023,Census,Highest qualification,7,Bachelor degree and Level 7 qualification,,,,Percent,6.500000,percent,1,,,,,2024-07-15 09:57:33+00
Highest qualification,,Ethnic group,37144,Tuvaluan,2023,Census,Highest qualification,8,Post-graduate and honours degrees,,,,Percent,1.500000,percent,1,,,,,2024-07-15 09:57:33+00
Highest qualification,,Ethnic group,37144,Tuvaluan,2023,Census,Highest qualification,9,Masters degree,,,,Percent,1.400000,percent,1,,,,,2024-07-15 09:57:33+00
Post-school qualification by age and birthplace,,Ethnic group,37144,Tuvaluan,2023,Census,Birthplace - NZ vs overseas born,0,NZ born,Life cycle age group for people aged 15 years and over,2,15-29 years,Count,258.000000,,0,,,,,2024-08-09 11:54:56+00
Post-school qualification by age and birthplace,,Ethnic group,37144,Tuvaluan,2023,Census,Birthplace - NZ vs overseas born,0,NZ born,Life cycle age group for people aged 15 years and over,3,30-64 years,Count,147.000000,,0,,,,,2024-08-09 11:54:56+00
Post-school qualification by age and birthplace,,Ethnic group,37144,Tuvaluan,2023,Census,Birthplace - NZ vs overseas born,0,NZ born,Life cycle age group for people aged 15 years and over,4,65 years and over,Count,3.000000,,0,,,,,2024-08-09 11:54:56+00
Post-school qualification by age and birthplace,,Ethnic group,37144,Tuvaluan,2023,Census,Birthplace - NZ vs overseas born,1,Overseas born,Life cycle age group for people aged 15 years and over,2,15-29 years,Count,153.000000,,0,,,,,2024-08-09 11:54:56+00
Post-school qualification by age and birthplace,,Ethnic group,37144,Tuvaluan,2023,Census,Birthplace - NZ vs overseas born,1,Overseas born,Life cycle age group for people aged 15 years and over,3,30-64 years,Count,657.000000,,0,,,,,2024-08-09 11:54:56+00
Post-school qualification by age and birthplace,,Ethnic group,37144,Tuvaluan,2023,Census,Birthplace - NZ vs overseas born,1,Overseas born,Life cycle age group for people aged 15 years and over,4,65 years and over,Count,66.000000,,0,,,,,2024-08-09 11:54:56+00
Post-school qualification by age and birthplace,,Ethnic group,37144,Tuvaluan,2023,Census,Birthplace - NZ vs overseas born,0,NZ born,Life cycle age group for people aged 15 years and over,2,15-29 years,Percent,26.600000,percent,1,,,,,2024-08-09 12:01:28+00
Post-school qualification by age and birthplace,,Ethnic group,37144,Tuvaluan,2023,Census,Birthplace - NZ vs overseas born,0,NZ born,Life cycle age group for people aged 15 years and over,3,30-64 years,Percent,62.000000,percent,1,,,,,2024-08-09 12:01:28+00
Post-school qualification by age and birthplace,,Ethnic group,37144,Tuvaluan,2023,Census,Birthplace - NZ vs overseas born,0,NZ born,Life cycle age group for people aged 15 years and over,4,65 years and over,Percent,50.000000,percent,1,,,,,2024-08-09 12:01:28+00
Post-school qualification by age and birthplace,,Ethnic group,37144,Tuvaluan,2023,Census,Birthplace - NZ vs overseas born,1,Overseas born,Life cycle age group for people aged 15 years and over,2,15-29 years,Percent,25.100000,percent,1,,,,,2024-08-09 12:01:28+00
Post-school qualification by age and birthplace,,Ethnic group,37144,Tuvaluan,2023,Census,Birthplace - NZ vs overseas born,1,Overseas born,Life cycle age group for people aged 15 years and over,3,30-64 years,Percent,39.200000,percent,1,,,,,2024-08-09 12:01:28+00
Post-school qualification by age and birthplace,,Ethnic group,37144,Tuvaluan,2023,Census,Birthplace - NZ vs overseas born,1,Overseas born,Life cycle age group for people aged 15 years and over,4,65 years and over,Percent,24.200000,percent,1,,,,,2024-08-09 12:01:28+00
Family type,,Ethnic group,37144,Tuvaluan,2018,Census,Family type,1,Couple Without Children,,,,Count,201.000000,,0,,,,,2024-09-10 09:01:37+00
Family type,,Ethnic group,37144,Tuvaluan,2023,Census,Family type,1,Couple Without Children,,,,Count,414.000000,,0,,,,,2024-09-10 09:01:37+00
Family type,,Ethnic group,37144,Tuvaluan,2018,Census,Family type,2,Couple With Child(ren),,,,Count,2628.000000,,0,,,,,2024-09-10 09:01:37+00
Family type,,Ethnic group,37144,Tuvaluan,2023,Census,Family type,2,Couple With Child(ren),,,,Count,3975.000000,,0,,,,,2024-09-10 09:01:37+00
Family type,,Ethnic group,37144,Tuvaluan,2018,Census,Family type,3,One Parent With Child(ren),,,,Count,606.000000,,0,,,,,2024-09-10 09:01:37+00
Family type,,Ethnic group,37144,Tuvaluan,2023,Census,Family type,3,One Parent With Child(ren),,,,Count,966.000000,,0,,,,,2024-09-10 09:01:37+00
Family type,,Ethnic group,37144,Tuvaluan,2018,Census,Family type,1,Couple Without Children,,,,Percent,5.900000,percent,1,,,,,2024-09-10 09:08:23+00
Family type,,Ethnic group,37144,Tuvaluan,2023,Census,Family type,1,Couple Without Children,,,,Percent,7.700000,percent,1,,,,,2024-09-10 09:08:23+00
Family type,,Ethnic group,37144,Tuvaluan,2018,Census,Family type,2,Couple With Child(ren),,,,Percent,76.500000,percent,1,,,,,2024-09-10 09:08:23+00
Family type,,Ethnic group,37144,Tuvaluan,2023,Census,Family type,2,Couple With Child(ren),,,,Percent,74.200000,percent,1,,,,,2024-09-10 09:08:23+00
Family type,,Ethnic group,37144,Tuvaluan,2018,Census,Family type,3,One Parent With Child(ren),,,,Percent,17.600000,percent,1,,,,,2024-09-10 09:08:23+00
Family type,,Ethnic group,37144,Tuvaluan,2023,Census,Family type,3,One Parent With Child(ren),,,,Percent,18.000000,percent,1,,,,,2024-09-10 09:08:23+00
Household composition,,Ethnic group,37144,Tuvaluan,2023,Census,Household composition,1,One-family household (with or without other people),,,,Count,3855.000000,,0,,,,,2024-09-10 09:12:23+00
Household composition,,Ethnic group,37144,Tuvaluan,2023,Census,Household composition,2,Two-family household (with or without other people),,,,Count,1530.000000,,0,,,,,2024-09-10 09:12:23+00
Household composition,,Ethnic group,37144,Tuvaluan,2023,Census,Household composition,3,Three or more family household (with or without other people),,,,Count,408.000000,,0,,,,,2024-09-10 09:12:23+00
Household composition,,Ethnic group,37144,Tuvaluan,2023,Census,Household composition,4,Other multi-person household,,,,Count,132.000000,,0,,,,,2024-09-10 09:12:23+00
Household composition,,Ethnic group,37144,Tuvaluan,2023,Census,Household composition,5,One-person household,,,,Count,66.000000,,0,,,,,2024-09-10 09:12:23+00
Household composition,,Ethnic group,37144,Tuvaluan,2023,Census,Household composition,1,One-family household (with or without other people),,,,Percent,64.300000,percent,1,,,,,2024-09-10 09:16:14+00
Household composition,,Ethnic group,37144,Tuvaluan,2023,Census,Household composition,2,Two-family household (with or without other people),,,,Percent,25.500000,percent,1,,,,,2024-09-10 09:16:14+00
Household composition,,Ethnic group,37144,Tuvaluan,2023,Census,Household composition,3,Three or more family household (with or without other people),,,,Percent,6.800000,percent,1,,,,,2024-09-10 09:16:14+00
Household composition,,Ethnic group,37144,Tuvaluan,2023,Census,Household composition,4,Other multi-person household,,,,Percent,2.200000,percent,1,,,,,2024-09-10 09:16:14+00
Household composition,,Ethnic group,37144,Tuvaluan,2023,Census,Household composition,5,One-person household,,,,Percent,1.100000,percent,1,,,,,2024-09-10 09:16:14+00
Individual's role in family nucleus,,Ethnic group,37144,Tuvaluan,2023,Census,Individual's role in family nucleus,11,Parent (other than grandparent) and spouse/partner in a family nucleus,,,,Count,1464.000000,,0,,,,,2024-08-15 12:02:58+00
Individual's role in family nucleus,,Ethnic group,37144,Tuvaluan,2023,Census,Individual's role in family nucleus,12,Grandparent in a parent role and spouse/partner in a family nucleus,,,,Count,54.000000,,0,,,,,2024-08-15 12:02:58+00
Individual's role in family nucleus,,Ethnic group,37144,Tuvaluan,2023,Census,Individual's role in family nucleus,21,Sole parent (other than sole grandparent) in a family nucleus,,,,Count,249.000000,,0,,,,,2024-08-15 12:02:58+00
Individual's role in family nucleus,,Ethnic group,37144,Tuvaluan,2023,Census,Individual's role in family nucleus,22,Sole grandparent in a parent role in a family nucleus,,,,Count,6.000000,,0,,,,,2024-08-15 12:02:58+00
Individual's role in family nucleus,,Ethnic group,37144,Tuvaluan,2023,Census,Individual's role in family nucleus,31,Spouse/partner only in a family nucleus,,,,Count,408.000000,,0,,,,,2024-08-15 12:02:58+00
Individual's role in family nucleus,,Ethnic group,37144,Tuvaluan,2023,Census,Individual's role in family nucleus,41,"Child in a family nucleus (birth/biological, step, adopted and foster parent)",,,,Count,3045.000000,,0,,,,,2024-08-15 12:02:58+00
Individual's role in family nucleus,,Ethnic group,37144,Tuvaluan,2023,Census,Individual's role in family nucleus,42,Child in a family nucleus (other parent),,,,Count,81.000000,,0,,,,,2024-08-15 12:02:58+00
Individual's role in family nucleus,,Ethnic group,37144,Tuvaluan,2023,Census,Individual's role in family nucleus,51,Person under 15 in a household of people under 15,,,,Count,0.000000,,0,,,,,2024-08-15 12:02:58+00
Individual's role in family nucleus,,Ethnic group,37144,Tuvaluan,2023,Census,Individual's role in family nucleus,52,Other person not in a family nucleus,,,,Count,549.000000,,0,,,,,2024-08-15 12:02:58+00
Individual's role in family nucleus,,Ethnic group,37144,Tuvaluan,2023,Census,Individual's role in family nucleus,53,Person living alone,,,,Count,66.000000,,0,,,,,2024-08-15 12:02:58+00
Individual's role in family nucleus,,Ethnic group,37144,Tuvaluan,2023,Census,Individual's role in family nucleus,11,Parent (other than grandparent) and spouse/partner in a family nucleus,,,,Percent,24.700000,percent,1,,,,,2024-08-15 12:12:14+00
Individual's role in family nucleus,,Ethnic group,37144,Tuvaluan,2023,Census,Individual's role in family nucleus,12,Grandparent in a parent role and spouse/partner in a family nucleus,,,,Percent,0.900000,percent,1,,,,,2024-08-15 12:12:14+00
Individual's role in family nucleus,,Ethnic group,37144,Tuvaluan,2023,Census,Individual's role in family nucleus,21,Sole parent (other than sole grandparent) in a family nucleus,,,,Percent,4.200000,percent,1,,,,,2024-08-15 12:12:14+00
Individual's role in family nucleus,,Ethnic group,37144,Tuvaluan,2023,Census,Individual's role in family nucleus,22,Sole grandparent in a parent role in a family nucleus,,,,Percent,0.100000,percent,1,,,,,2024-08-15 12:12:14+00
Individual's role in family nucleus,,Ethnic group,37144,Tuvaluan,2023,Census,Individual's role in family nucleus,31,Spouse/partner only in a family nucleus,,,,Percent,6.900000,percent,1,,,,,2024-08-15 12:12:14+00
Individual's role in family nucleus,,Ethnic group,37144,Tuvaluan,2023,Census,Individual's role in family nucleus,41,"Child in a family nucleus (birth/biological, step, adopted and foster parent)",,,,Percent,51.400000,percent,1,,,,,2024-08-15 12:12:14+00
Individual's role in family nucleus,,Ethnic group,37144,Tuvaluan,2023,Census,Individual's role in family nucleus,42,Child in a family nucleus (other parent),,,,Percent,1.400000,percent,1,,,,,2024-08-15 12:12:14+00
Individual's role in family nucleus,,Ethnic group,37144,Tuvaluan,2023,Census,Individual's role in family nucleus,51,Person under 15 in a household of people under 15,,,,Percent,0.000000,percent,1,,,,,2024-08-15 12:12:14+00
Individual's role in family nucleus,,Ethnic group,37144,Tuvaluan,2023,Census,Individual's role in family nucleus,52,Other person not in a family nucleus,,,,Percent,9.300000,percent,1,,,,,2024-08-15 12:12:14+00
Individual's role in family nucleus,,Ethnic group,37144,Tuvaluan,2023,Census,Individual's role in family nucleus,53,Person living alone,,,,Percent,1.100000,percent,1,,,,,2024-08-15 12:12:14+00
Number of families and households,,Ethnic group,37144,Tuvaluan,2018,Census,Families or households,F,Families,,,,Count,1134.000000,,0,,,,,2024-09-10 09:16:59+00
Number of families and households,,Ethnic group,37144,Tuvaluan,2023,Census,Families or households,F,Families,,,,Count,1746.000000,,0,,,,,2024-09-10 09:16:59+00
Number of families and households,,Ethnic group,37144,Tuvaluan,2018,Census,Families or households,H,Households,,,,Count,1119.000000,,0,,,,,2024-09-10 09:17:55+00
Number of families and households,,Ethnic group,37144,Tuvaluan,2023,Census,Families or households,H,Households,,,,Count,1713.000000,,0,,,,,2024-09-10 09:17:55+00
Individual home ownership,,Ethnic group,37144,Tuvaluan,2018,Census,Individual home ownership,1,Hold in a family trust,,,,Count,78.000000,,0,,,,,2024-08-20 14:13:51+00
Individual home ownership,,Ethnic group,37144,Tuvaluan,2023,Census,Individual home ownership,1,Hold in a family trust,,,,Count,126.000000,,0,,,,,2024-08-20 14:13:51+00
Individual home ownership,,Ethnic group,37144,Tuvaluan,2018,Census,Individual home ownership,2,Own or partly own,,,,Count,183.000000,,0,,,,,2024-08-20 14:13:51+00
Individual home ownership,,Ethnic group,37144,Tuvaluan,2023,Census,Individual home ownership,2,Own or partly own,,,,Count,369.000000,,0,,,,,2024-08-20 14:13:51+00
Individual home ownership,,Ethnic group,37144,Tuvaluan,2018,Census,Individual home ownership,3,Do not own and do not hold in a family trust,,,,Count,1725.000000,,0,,,,,2024-08-20 14:13:51+00
Individual home ownership,,Ethnic group,37144,Tuvaluan,2023,Census,Individual home ownership,3,Do not own and do not hold in a family trust,,,,Count,3426.000000,,0,,,,,2024-08-20 14:13:51+00
Individual home ownership,,Ethnic group,37144,Tuvaluan,2018,Census,Individual home ownership,1,Hold in a family trust,,,,Percent,3.900000,percent,1,,,,,2024-08-20 14:14:50+00
Individual home ownership,,Ethnic group,37144,Tuvaluan,2023,Census,Individual home ownership,1,Hold in a family trust,,,,Percent,3.200000,percent,1,,,,,2024-08-20 14:14:50+00
Individual home ownership,,Ethnic group,37144,Tuvaluan,2018,Census,Individual home ownership,2,Own or partly own,,,,Percent,9.200000,percent,1,,,,,2024-08-20 14:14:50+00
Individual home ownership,,Ethnic group,37144,Tuvaluan,2023,Census,Individual home ownership,2,Own or partly own,,,,Percent,9.400000,percent,1,,,,,2024-08-20 14:14:50+00
Individual home ownership,,Ethnic group,37144,Tuvaluan,2018,Census,Individual home ownership,3,Do not own and do not hold in a family trust,,,,Percent,86.700000,percent,1,,,,,2024-08-20 14:14:50+00
Individual home ownership,,Ethnic group,37144,Tuvaluan,2023,Census,Individual home ownership,3,Do not own and do not hold in a family trust,,,,Percent,87.400000,percent,1,,,,,2024-08-20 14:14:50+00
Tenure of household by age,,Ethnic group,37144,Tuvaluan,2023,Census,Tenure of household,1,Owned,Life cycle age group,1,Under 15 years,Count,327.000000,,0,,,,,2024-09-10 09:22:46+00
Tenure of household by age,,Ethnic group,37144,Tuvaluan,2023,Census,Tenure of household,1,Owned,Life cycle age group,2,15-29 years,Count,279.000000,,0,,,,,2024-09-10 09:22:46+00
Tenure of household by age,,Ethnic group,37144,Tuvaluan,2023,Census,Tenure of household,1,Owned,Life cycle age group,3,30-64 years,Count,384.000000,,0,,,,,2024-09-10 09:22:46+00
Tenure of household by age,,Ethnic group,37144,Tuvaluan,2023,Census,Tenure of household,1,Owned,Life cycle age group,4,65 years and over,Count,69.000000,,0,,,,,2024-09-10 09:22:46+00
Tenure of household by age,,Ethnic group,37144,Tuvaluan,2023,Census,Tenure of household,2,Not owned,Life cycle age group,1,Under 15 years,Count,1830.000000,,0,,,,,2024-09-10 09:22:46+00
Tenure of household by age,,Ethnic group,37144,Tuvaluan,2023,Census,Tenure of household,2,Not owned,Life cycle age group,2,15-29 years,Count,1404.000000,,0,,,,,2024-09-10 09:22:46+00
Tenure of household by age,,Ethnic group,37144,Tuvaluan,2023,Census,Tenure of household,2,Not owned,Life cycle age group,3,30-64 years,Count,1485.000000,,0,,,,,2024-09-10 09:22:46+00
Tenure of household by age,,Ethnic group,37144,Tuvaluan,2023,Census,Tenure of household,2,Not owned,Life cycle age group,4,65 years and over,Count,213.000000,,0,,,,,2024-09-10 09:22:46+00
Tenure of household by age,,Ethnic group,37144,Tuvaluan,2023,Census,Tenure of household,3,In family trust,Life cycle age group,1,Under 15 years,Count,54.000000,,0,,,,,2024-09-10 09:22:46+00
Tenure of household by age,,Ethnic group,37144,Tuvaluan,2023,Census,Tenure of household,3,In family trust,Life cycle age group,2,15-29 years,Count,39.000000,,0,,,,,2024-09-10 09:22:46+00
Tenure of household by age,,Ethnic group,37144,Tuvaluan,2023,Census,Tenure of household,3,In family trust,Life cycle age group,3,30-64 years,Count,66.000000,,0,,,,,2024-09-10 09:22:46+00
Tenure of household by age,,Ethnic group,37144,Tuvaluan,2023,Census,Tenure of household,3,In family trust,Life cycle age group,4,65 years and over,Count,12.000000,,0,,,,,2024-09-10 09:22:46+00
Tenure of household by age,,Ethnic group,37144,Tuvaluan,2023,Census,Tenure of household,1,Owned,Life cycle age group,1,Under 15 years,Percent,14.800000,percent,1,,,,,2024-09-10 09:28:24+00
Tenure of household by age,,Ethnic group,37144,Tuvaluan,2023,Census,Tenure of household,1,Owned,Life cycle age group,2,15-29 years,Percent,16.200000,percent,1,,,,,2024-09-10 09:28:24+00
Tenure of household by age,,Ethnic group,37144,Tuvaluan,2023,Census,Tenure of household,1,Owned,Life cycle age group,3,30-64 years,Percent,19.800000,percent,1,,,,,2024-09-10 09:28:24+00
Tenure of household by age,,Ethnic group,37144,Tuvaluan,2023,Census,Tenure of household,1,Owned,Life cycle age group,4,65 years and over,Percent,23.700000,percent,1,,,,,2024-09-10 09:28:24+00
Tenure of household by age,,Ethnic group,37144,Tuvaluan,2023,Census,Tenure of household,2,Not owned,Life cycle age group,1,Under 15 years,Percent,82.700000,percent,1,,,,,2024-09-10 09:28:24+00
Tenure of household by age,,Ethnic group,37144,Tuvaluan,2023,Census,Tenure of household,2,Not owned,Life cycle age group,2,15-29 years,Percent,81.500000,percent,1,,,,,2024-09-10 09:28:24+00
Tenure of household by age,,Ethnic group,37144,Tuvaluan,2023,Census,Tenure of household,2,Not owned,Life cycle age group,3,30-64 years,Percent,76.700000,percent,1,,,,,2024-09-10 09:28:24+00
Tenure of household by age,,Ethnic group,37144,Tuvaluan,2023,Census,Tenure of household,2,Not owned,Life cycle age group,4,65 years and over,Percent,73.200000,percent,1,,,,,2024-09-10 09:28:24+00
Tenure of household by age,,Ethnic group,37144,Tuvaluan,2023,Census,Tenure of household,3,In family trust,Life cycle age group,1,Under 15 years,Percent,2.400000,percent,1,,,,,2024-09-10 09:28:24+00
Tenure of household by age,,Ethnic group,37144,Tuvaluan,2023,Census,Tenure of household,3,In family trust,Life cycle age group,2,15-29 years,Percent,2.300000,percent,1,,,,,2024-09-10 09:28:24+00
Tenure of household by age,,Ethnic group,37144,Tuvaluan,2023,Census,Tenure of household,3,In family trust,Life cycle age group,3,30-64 years,Percent,3.400000,percent,1,,,,,2024-09-10 09:28:24+00
Tenure of household by age,,Ethnic group,37144,Tuvaluan,2023,Census,Tenure of household,3,In family trust,Life cycle age group,4,65 years and over,Percent,4.100000,percent,1,,,,,2024-09-10 09:28:24+00
Access to basic amenities,,Ethnic group,37144,Tuvaluan,2023,Census,Access to basic amenities,0,None of these,,,,Count,147.000000,,0,,,,,2024-09-10 09:37:09+00
Access to basic amenities,,Ethnic group,37144,Tuvaluan,2023,Census,Access to basic amenities,1,Cooking facilities,,,,Count,5160.000000,,0,,,,,2024-09-10 09:37:09+00
Access to basic amenities,,Ethnic group,37144,Tuvaluan,2023,Census,Access to basic amenities,2,Tap water that is safe to drink,,,,Count,4911.000000,,0,,,,,2024-09-10 09:37:09+00
Access to basic amenities,,Ethnic group,37144,Tuvaluan,2023,Census,Access to basic amenities,3,Kitchen sink,,,,Count,5229.000000,,0,,,,,2024-09-10 09:37:09+00
Access to basic amenities,,Ethnic group,37144,Tuvaluan,2023,Census,Access to basic amenities,4,Refrigerator,,,,Count,4941.000000,,0,,,,,2024-09-10 09:37:09+00
Access to basic amenities,,Ethnic group,37144,Tuvaluan,2023,Census,Access to basic amenities,5,Bath or shower,,,,Count,5274.000000,,0,,,,,2024-09-10 09:37:09+00
Access to basic amenities,,Ethnic group,37144,Tuvaluan,2023,Census,Access to basic amenities,6,Toilet,,,,Count,5244.000000,,0,,,,,2024-09-10 09:37:09+00
Access to basic amenities,,Ethnic group,37144,Tuvaluan,2023,Census,Access to basic amenities,7,Electricity supply,,,,Count,5082.000000,,0,,,,,2024-09-10 09:37:09+00
Access to basic amenities,,Ethnic group,37144,Tuvaluan,2023,Census,Access to basic amenities,0,None of these,,,,Percent,2.700000,percent,1,,,,,2024-09-10 09:43:40+00
Access to basic amenities,,Ethnic group,37144,Tuvaluan,2023,Census,Access to basic amenities,1,Cooking facilities,,,,Percent,94.400000,percent,1,,,,,2024-09-10 09:43:40+00
Access to basic amenities,,Ethnic group,37144,Tuvaluan,2023,Census,Access to basic amenities,2,Tap water that is safe to drink,,,,Percent,89.800000,percent,1,,,,,2024-09-10 09:43:40+00
Access to basic amenities,,Ethnic group,37144,Tuvaluan,2023,Census,Access to basic amenities,3,Kitchen sink,,,,Percent,95.700000,percent,1,,,,,2024-09-10 09:43:40+00
Access to basic amenities,,Ethnic group,37144,Tuvaluan,2023,Census,Access to basic amenities,4,Refrigerator,,,,Percent,90.400000,percent,1,,,,,2024-09-10 09:43:40+00
Access to basic amenities,,Ethnic group,37144,Tuvaluan,2023,Census,Access to basic amenities,5,Bath or shower,,,,Percent,96.500000,percent,1,,,,,2024-09-10 09:43:40+00
Access to basic amenities,,Ethnic group,37144,Tuvaluan,2023,Census,Access to basic amenities,6,Toilet,,,,Percent,95.900000,percent,1,,,,,2024-09-10 09:43:40+00
Access to basic amenities,,Ethnic group,37144,Tuvaluan,2023,Census,Access to basic amenities,7,Electricity supply,,,,Percent,93.000000,percent,1,,,,,2024-09-10 09:43:40+00
Dwelling dampness indicator,,Ethnic group,37144,Tuvaluan,2023,Census,Dwelling dampness,1,Always damp,,,,Count,492.000000,,0,,,,,2024-09-10 09:44:51+00
Dwelling dampness indicator,,Ethnic group,37144,Tuvaluan,2023,Census,Dwelling dampness,2,Sometimes damp,,,,Count,1320.000000,,0,,,,,2024-09-10 09:44:51+00
Dwelling dampness indicator,,Ethnic group,37144,Tuvaluan,2023,Census,Dwelling dampness,3,Not damp,,,,Count,3090.000000,,0,,,,,2024-09-10 09:44:51+00
Dwelling dampness indicator,,Ethnic group,37144,Tuvaluan,2023,Census,Dwelling dampness,1,Always damp,,,,Percent,10.000000,percent,1,,,,,2024-09-10 09:45:55+00
Dwelling dampness indicator,,Ethnic group,37144,Tuvaluan,2023,Census,Dwelling dampness,2,Sometimes damp,,,,Percent,26.900000,percent,1,,,,,2024-09-10 09:45:55+00
Dwelling dampness indicator,,Ethnic group,37144,Tuvaluan,2023,Census,Dwelling dampness,3,Not damp,,,,Percent,63.000000,percent,1,,,,,2024-09-10 09:45:55+00
Dwelling mould indicator,,Ethnic group,37144,Tuvaluan,2023,Census,Dwelling mould,1,Mould over A4 size - always,,,,Count,639.000000,,0,,,,,2024-09-10 09:47:00+00
Dwelling mould indicator,,Ethnic group,37144,Tuvaluan,2023,Census,Dwelling mould,2,Mould over A4 size - sometimes,,,,Count,1110.000000,,0,,,,,2024-09-10 09:47:00+00
Dwelling mould indicator,,Ethnic group,37144,Tuvaluan,2023,Census,Dwelling mould,3,No mould/mould smaller than A4 size,,,,Count,3414.000000,,0,,,,,2024-09-10 09:47:00+00
Dwelling mould indicator,,Ethnic group,37144,Tuvaluan,2023,Census,Dwelling mould,1,Mould over A4 size - always,,,,Percent,12.400000,percent,1,,,,,2024-09-10 09:48:03+00
Dwelling mould indicator,,Ethnic group,37144,Tuvaluan,2023,Census,Dwelling mould,2,Mould over A4 size - sometimes,,,,Percent,21.500000,percent,1,,,,,2024-09-10 09:48:03+00
Dwelling mould indicator,,Ethnic group,37144,Tuvaluan,2023,Census,Dwelling mould,3,No mould/mould smaller than A4 size,,,,Percent,66.100000,percent,1,,,,,2024-09-10 09:48:03+00
Access to telecommunication systems,,Ethnic group,37144,Tuvaluan,2023,Census,Access to telecommunications,0,No access to telecommunication systems,,,,Count,180.000000,,0,,,,,2024-09-10 09:58:06+00
Access to telecommunication systems,,Ethnic group,37144,Tuvaluan,2023,Census,Access to telecommunications,1,Access to a cellphone/mobile phone,,,,Count,5010.000000,,0,,,,,2024-09-10 09:58:06+00
Access to telecommunication systems,,Ethnic group,37144,Tuvaluan,2023,Census,Access to telecommunications,2,Access to a telephone,,,,Count,1080.000000,,0,,,,,2024-09-10 09:58:06+00
Access to telecommunication systems,,Ethnic group,37144,Tuvaluan,2023,Census,Access to telecommunications,4,Access to the internet,,,,Count,5046.000000,,0,,,,,2024-09-10 09:58:06+00
Access to telecommunication systems,,Ethnic group,37144,Tuvaluan,2023,Census,Access to telecommunications,0,No access to telecommunication systems,,,,Percent,3.300000,percent,1,,,,,2024-09-10 10:06:06+00
Access to telecommunication systems,,Ethnic group,37144,Tuvaluan,2023,Census,Access to telecommunications,1,Access to a cellphone/mobile phone,,,,Percent,90.500000,percent,1,,,,,2024-09-10 10:06:06+00
Access to telecommunication systems,,Ethnic group,37144,Tuvaluan,2023,Census,Access to telecommunications,2,Access to a telephone,,,,Percent,19.500000,percent,1,,,,,2024-09-10 10:06:06+00
Access to telecommunication systems,,Ethnic group,37144,Tuvaluan,2023,Census,Access to telecommunications,4,Access to the internet,,,,Percent,91.100000,percent,1,,,,,2024-09-10 10:06:06+00
Disability indicator by age,,Ethnic group,37144,Tuvaluan,2023,Census,Life cycle age group,1,Under 15 years,,,,Count,39.000000,,0,,,,,2024-07-15 13:47:25+00
Disability indicator by age,,Ethnic group,37144,Tuvaluan,2023,Census,Life cycle age group,2,15-29 years,,,,Count,57.000000,,0,,,,,2024-07-15 13:47:25+00
Disability indicator by age,,Ethnic group,37144,Tuvaluan,2023,Census,Life cycle age group,3,30-64 years,,,,Count,159.000000,,0,,,,,2024-07-15 13:47:25+00
Disability indicator by age,,Ethnic group,37144,Tuvaluan,2023,Census,Life cycle age group,4,65 years and over,,,,Count,81.000000,,0,,,,,2024-07-15 13:47:25+00
Disability indicator by age,,Ethnic group,37144,Tuvaluan,2023,Census,Life cycle age group,1,Under 15 years,,,,Percent,3.400000,percent,1,,,,,2024-07-15 13:52:10+00
Disability indicator by age,,Ethnic group,37144,Tuvaluan,2023,Census,Life cycle age group,2,15-29 years,,,,Percent,4.000000,percent,1,,,,,2024-07-15 13:52:10+00
Disability indicator by age,,Ethnic group,37144,Tuvaluan,2023,Census,Life cycle age group,3,30-64 years,,,,Percent,9.600000,percent,1,,,,,2024-07-15 13:52:10+00
Disability indicator by age,,Ethnic group,37144,Tuvaluan,2023,Census,Life cycle age group,4,65 years and over,,,,Percent,33.300000,percent,1,,,,,2024-07-15 13:52:10+00
Cigarette smoking behaviour,,Ethnic group,37144,Tuvaluan,2013,Census,Cigarette smoking behaviour,1,Regular smoker,,,,Count,312.000000,,0,,,,,2024-07-15 13:53:28+00
Cigarette smoking behaviour,,Ethnic group,37144,Tuvaluan,2018,Census,Cigarette smoking behaviour,1,Regular smoker,,,,Count,411.000000,,0,,,,,2024-07-15 13:53:28+00
Cigarette smoking behaviour,,Ethnic group,37144,Tuvaluan,2023,Census,Cigarette smoking behaviour,1,Regular smoker,,,,Count,393.000000,,0,,,,,2024-07-15 13:53:28+00
Cigarette smoking behaviour,,Ethnic group,37144,Tuvaluan,2013,Census,Cigarette smoking behaviour,2,Ex-smoker,,,,Count,204.000000,,0,,,,,2024-07-15 13:53:28+00
Cigarette smoking behaviour,,Ethnic group,37144,Tuvaluan,2018,Census,Cigarette smoking behaviour,2,Ex-smoker,,,,Count,291.000000,,0,,,,,2024-07-15 13:53:28+00
Cigarette smoking behaviour,,Ethnic group,37144,Tuvaluan,2023,Census,Cigarette smoking behaviour,2,Ex-smoker,,,,Count,753.000000,,0,,,,,2024-07-15 13:53:28+00
Cigarette smoking behaviour,,Ethnic group,37144,Tuvaluan,2013,Census,Cigarette smoking behaviour,3,Never smoked regularly,,,,Count,1344.000000,,0,,,,,2024-07-15 13:53:28+00
Cigarette smoking behaviour,,Ethnic group,37144,Tuvaluan,2018,Census,Cigarette smoking behaviour,3,Never smoked regularly,,,,Count,2001.000000,,0,,,,,2024-07-15 13:53:28+00
Cigarette smoking behaviour,,Ethnic group,37144,Tuvaluan,2023,Census,Cigarette smoking behaviour,3,Never smoked regularly,,,,Count,3081.000000,,0,,,,,2024-07-15 13:53:28+00
Cigarette smoking behaviour,,Ethnic group,37144,Tuvaluan,2013,Census,Cigarette smoking behaviour,1,Regular smoker,,,,Percent,16.800000,percent,1,,,,,2024-07-15 13:54:42+00
Cigarette smoking behaviour,,Ethnic group,37144,Tuvaluan,2018,Census,Cigarette smoking behaviour,1,Regular smoker,,,,Percent,15.200000,percent,1,,,,,2024-07-15 13:54:42+00
Cigarette smoking behaviour,,Ethnic group,37144,Tuvaluan,2023,Census,Cigarette smoking behaviour,1,Regular smoker,,,,Percent,9.300000,percent,1,,,,,2024-07-15 13:54:42+00
Cigarette smoking behaviour,,Ethnic group,37144,Tuvaluan,2013,Census,Cigarette smoking behaviour,2,Ex-smoker,,,,Percent,11.000000,percent,1,,,,,2024-07-15 13:54:42+00
Cigarette smoking behaviour,,Ethnic group,37144,Tuvaluan,2018,Census,Cigarette smoking behaviour,2,Ex-smoker,,,,Percent,10.800000,percent,1,,,,,2024-07-15 13:54:42+00
Cigarette smoking behaviour,,Ethnic group,37144,Tuvaluan,2023,Census,Cigarette smoking behaviour,2,Ex-smoker,,,,Percent,17.800000,percent,1,,,,,2024-07-15 13:54:42+00
Cigarette smoking behaviour,,Ethnic group,37144,Tuvaluan,2013,Census,Cigarette smoking behaviour,3,Never smoked regularly,,,,Percent,72.300000,percent,1,,,,,2024-07-15 13:54:42+00
Cigarette smoking behaviour,,Ethnic group,37144,Tuvaluan,2018,Census,Cigarette smoking behaviour,3,Never smoked regularly,,,,Percent,74.000000,percent,1,,,,,2024-07-15 13:54:42+00
Cigarette smoking behaviour,,Ethnic group,37144,Tuvaluan,2023,Census,Cigarette smoking behaviour,3,Never smoked regularly,,,,Percent,72.800000,percent,1,,,,,2024-07-15 13:54:42+00
Regular smokers by age and gender,,Ethnic group,37144,Tuvaluan,2023,Census,Life cycle age group for people aged 15 years and over,2,15-29 years,Gender,1,Male / Tāne,Count,108.000000,,0,,,,,2024-07-15 13:59:08+00
Regular smokers by age and gender,,Ethnic group,37144,Tuvaluan,2023,Census,Life cycle age group for people aged 15 years and over,2,15-29 years,Gender,2,Female / Wahine,Count,42.000000,,0,,,,,2024-07-15 13:59:08+00
Regular smokers by age and gender,,Ethnic group,37144,Tuvaluan,2023,Census,Life cycle age group for people aged 15 years and over,2,15-29 years,Gender,3,Another gender / He ira kē anō,Count,0.000000,,0,,,,,2024-07-15 13:59:08+00
Regular smokers by age and gender,,Ethnic group,37144,Tuvaluan,2023,Census,Life cycle age group for people aged 15 years and over,3,30-64 years,Gender,1,Male / Tāne,Count,150.000000,,0,,,,,2024-07-15 13:59:08+00
Regular smokers by age and gender,,Ethnic group,37144,Tuvaluan,2023,Census,Life cycle age group for people aged 15 years and over,3,30-64 years,Gender,2,Female / Wahine,Count,78.000000,,0,,,,,2024-07-15 13:59:08+00
Regular smokers by age and gender,,Ethnic group,37144,Tuvaluan,2023,Census,Life cycle age group for people aged 15 years and over,3,30-64 years,Gender,3,Another gender / He ira kē anō,Count,0.000000,,0,,,,,2024-07-15 13:59:08+00
Regular smokers by age and gender,,Ethnic group,37144,Tuvaluan,2023,Census,Life cycle age group for people aged 15 years and over,4,65 years and over,Gender,1,Male / Tāne,Count,9.000000,,0,,,,,2024-07-15 13:59:08+00
Regular smokers by age and gender,,Ethnic group,37144,Tuvaluan,2023,Census,Life cycle age group for people aged 15 years and over,4,65 years and over,Gender,2,Female / Wahine,Count,12.000000,,0,,,,,2024-07-15 13:59:08+00
Regular smokers by age and gender,,Ethnic group,37144,Tuvaluan,2023,Census,Life cycle age group for people aged 15 years and over,4,65 years and over,Gender,3,Another gender / He ira kē anō,Count,0.000000,,0,,,,,2024-07-15 13:59:08+00
Regular smokers by age and gender,,Ethnic group,37144,Tuvaluan,2023,Census,Life cycle age group for people aged 15 years and over,2,15-29 years,Gender,1,Male / Tāne,Percent,11.900000,percent,1,,,,,2024-07-15 14:03:58+00
Regular smokers by age and gender,,Ethnic group,37144,Tuvaluan,2023,Census,Life cycle age group for people aged 15 years and over,2,15-29 years,Gender,2,Female / Wahine,Percent,4.500000,percent,1,,,,,2024-07-15 14:03:58+00
Regular smokers by age and gender,,Ethnic group,37144,Tuvaluan,2023,Census,Life cycle age group for people aged 15 years and over,2,15-29 years,Gender,3,Another gender / He ira kē anō,Percent,0.000000,percent,1,,,,,2024-07-15 14:03:58+00
Regular smokers by age and gender,,Ethnic group,37144,Tuvaluan,2023,Census,Life cycle age group for people aged 15 years and over,3,30-64 years,Gender,1,Male / Tāne,Percent,15.000000,percent,1,,,,,2024-07-15 14:03:58+00
Regular smokers by age and gender,,Ethnic group,37144,Tuvaluan,2023,Census,Life cycle age group for people aged 15 years and over,3,30-64 years,Gender,2,Female / Wahine,Percent,7.300000,percent,1,,,,,2024-07-15 14:03:58+00
Regular smokers by age and gender,,Ethnic group,37144,Tuvaluan,2023,Census,Life cycle age group for people aged 15 years and over,3,30-64 years,Gender,3,Another gender / He ira kē anō,Percent,0.000000,percent,1,,,,,2024-07-15 14:03:58+00
Regular smokers by age and gender,,Ethnic group,37144,Tuvaluan,2023,Census,Life cycle age group for people aged 15 years and over,4,65 years and over,Gender,1,Male / Tāne,Percent,7.100000,percent,1,,,,,2024-07-15 14:03:58+00
Regular smokers by age and gender,,Ethnic group,37144,Tuvaluan,2023,Census,Life cycle age group for people aged 15 years and over,4,65 years and over,Gender,2,Female / Wahine,Percent,6.900000,percent,1,,,,,2024-07-15 14:03:58+00
Regular smokers by age and gender,,Ethnic group,37144,Tuvaluan,2023,Census,Life cycle age group for people aged 15 years and over,4,65 years and over,Gender,3,Another gender / He ira kē anō,Percent,,percent,1,C,confidential,,,2024-07-15 14:03:58+00
Overall life satisfaction,,Ethnic group,37144,Tuvaluan,2021,Year ended June,,,,,,,Percent,,percent,1,..,not available,,,2026-06-08 13:44:00+00
Overall life satisfaction,,Ethnic group,37144,Tuvaluan,2022,Year ended June,,,,,,,Percent,,percent,1,..,not available,,,2026-06-08 13:44:00+00
Overall life satisfaction,,Ethnic group,37144,Tuvaluan,2023,Year ended June,,,,,,,Percent,,percent,1,..,not available,,,2026-06-08 13:44:00+00
Overall life satisfaction,,Ethnic group,37144,Tuvaluan,2024,Year ended June,,,,,,,Percent,,percent,1,..,not available,,,2026-06-08 13:44:00+00
Overall life satisfaction,,Ethnic group,37144,Tuvaluan,2025,Year ended June,,,,,,,Percent,,percent,1,..,not available,,,2026-06-08 13:44:00+00
Overall life satisfaction,,Ethnic group,37144,Tuvaluan,2021,Year ended June,,,,,,,Upper bound,,percent,1,..,not available,,,2026-06-08 13:44:00+00
Overall life satisfaction,,Ethnic group,37144,Tuvaluan,2022,Year ended June,,,,,,,Upper bound,,percent,1,..,not available,,,2026-06-08 13:44:00+00
Overall life satisfaction,,Ethnic group,37144,Tuvaluan,2023,Year ended June,,,,,,,Upper bound,,percent,1,..,not available,,,2026-06-08 13:44:00+00
Overall life satisfaction,,Ethnic group,37144,Tuvaluan,2024,Year ended June,,,,,,,Upper bound,,percent,1,..,not available,,,2026-06-08 13:44:00+00
Overall life satisfaction,,Ethnic group,37144,Tuvaluan,2025,Year ended June,,,,,,,Upper bound,,percent,1,..,not available,,,2026-06-08 13:44:00+00
Overall life satisfaction,,Ethnic group,37144,Tuvaluan,2021,Year ended June,,,,,,,Lower bound,,percent,1,..,not available,,,2026-06-08 13:44:00+00
Overall life satisfaction,,Ethnic group,37144,Tuvaluan,2022,Year ended June,,,,,,,Lower bound,,percent,1,..,not available,,,2026-06-08 13:44:00+00
Overall life satisfaction,,Ethnic group,37144,Tuvaluan,2023,Year ended June,,,,,,,Lower bound,,percent,1,..,not available,,,2026-06-08 13:44:00+00
Overall life satisfaction,,Ethnic group,37144,Tuvaluan,2024,Year ended June,,,,,,,Lower bound,,percent,1,..,not available,,,2026-06-08 13:44:00+00
Overall life satisfaction,,Ethnic group,37144,Tuvaluan,2025,Year ended June,,,,,,,Lower bound,,percent,1,..,not available,,,2026-06-08 13:44:00+00
New Zealand index of socioeconomic deprivation,,Ethnic group,37144,Tuvaluan,2023,Census,NZ Dep Index deprivation score,1,1 - Least deprived,,,,Count,96.000000,,0,,,,,2024-10-09 15:31:16+00
New Zealand index of socioeconomic deprivation,,Ethnic group,37144,Tuvaluan,2023,Census,NZ Dep Index deprivation score,10,10 - Most deprived,,,,Count,1887.000000,,0,,,,,2024-10-09 15:31:16+00
New Zealand index of socioeconomic deprivation,,Ethnic group,37144,Tuvaluan,2023,Census,NZ Dep Index deprivation score,2,2,,,,Count,156.000000,,0,,,,,2024-10-09 15:31:16+00
New Zealand index of socioeconomic deprivation,,Ethnic group,37144,Tuvaluan,2023,Census,NZ Dep Index deprivation score,3,3,,,,Count,216.000000,,0,,,,,2024-10-09 15:31:16+00
New Zealand index of socioeconomic deprivation,,Ethnic group,37144,Tuvaluan,2023,Census,NZ Dep Index deprivation score,4,4,,,,Count,285.000000,,0,,,,,2024-10-09 15:31:16+00
New Zealand index of socioeconomic deprivation,,Ethnic group,37144,Tuvaluan,2023,Census,NZ Dep Index deprivation score,5,5,,,,Count,336.000000,,0,,,,,2024-10-09 15:31:16+00
New Zealand index of socioeconomic deprivation,,Ethnic group,37144,Tuvaluan,2023,Census,NZ Dep Index deprivation score,6,6,,,,Count,513.000000,,0,,,,,2024-10-09 15:31:16+00
New Zealand index of socioeconomic deprivation,,Ethnic group,37144,Tuvaluan,2023,Census,NZ Dep Index deprivation score,7,7,,,,Count,792.000000,,0,,,,,2024-10-09 15:31:16+00
New Zealand index of socioeconomic deprivation,,Ethnic group,37144,Tuvaluan,2023,Census,NZ Dep Index deprivation score,8,8,,,,Count,900.000000,,0,,,,,2024-10-09 15:31:16+00
New Zealand index of socioeconomic deprivation,,Ethnic group,37144,Tuvaluan,2023,Census,NZ Dep Index deprivation score,9,9,,,,Count,1404.000000,,0,,,,,2024-10-09 15:31:16+00
New Zealand index of socioeconomic deprivation,,Ethnic group,37144,Tuvaluan,2023,Census,NZ Dep Index deprivation score,1,1 - Least deprived,,,,Percent,1.500000,percent,1,,,,,2024-10-09 15:58:07+00
New Zealand index of socioeconomic deprivation,,Ethnic group,37144,Tuvaluan,2023,Census,NZ Dep Index deprivation score,10,10 - Most deprived,,,,Percent,28.700000,percent,1,,,,,2024-10-09 15:58:07+00
New Zealand index of socioeconomic deprivation,,Ethnic group,37144,Tuvaluan,2023,Census,NZ Dep Index deprivation score,2,2,,,,Percent,2.400000,percent,1,,,,,2024-10-09 15:58:07+00
New Zealand index of socioeconomic deprivation,,Ethnic group,37144,Tuvaluan,2023,Census,NZ Dep Index deprivation score,3,3,,,,Percent,3.300000,percent,1,,,,,2024-10-09 15:58:07+00
New Zealand index of socioeconomic deprivation,,Ethnic group,37144,Tuvaluan,2023,Census,NZ Dep Index deprivation score,4,4,,,,Percent,4.300000,percent,1,,,,,2024-10-09 15:58:07+00
New Zealand index of socioeconomic deprivation,,Ethnic group,37144,Tuvaluan,2023,Census,NZ Dep Index deprivation score,5,5,,,,Percent,5.100000,percent,1,,,,,2024-10-09 15:58:07+00
New Zealand index of socioeconomic deprivation,,Ethnic group,37144,Tuvaluan,2023,Census,NZ Dep Index deprivation score,6,6,,,,Percent,7.800000,percent,1,,,,,2024-10-09 15:58:07+00
New Zealand index of socioeconomic deprivation,,Ethnic group,37144,Tuvaluan,2023,Census,NZ Dep Index deprivation score,7,7,,,,Percent,12.000000,percent,1,,,,,2024-10-09 15:58:07+00
New Zealand index of socioeconomic deprivation,,Ethnic group,37144,Tuvaluan,2023,Census,NZ Dep Index deprivation score,8,8,,,,Percent,13.700000,percent,1,,,,,2024-10-09 15:58:07+00
New Zealand index of socioeconomic deprivation,,Ethnic group,37144,Tuvaluan,2023,Census,NZ Dep Index deprivation score,9,9,,,,Percent,21.300000,percent,1,,,,,2024-10-09 15:58:07+00
Child poverty,,Ethnic group,37144,Tuvaluan,2019,Year ended June,Child poverty measure,A,Measure (a): Low-income before deducting housing costs,,,,Percent,,percent,1,..,not available,,,2026-06-08 13:44:00+00
Child poverty,,Ethnic group,37144,Tuvaluan,2020,Year ended June,Child poverty measure,A,Measure (a): Low-income before deducting housing costs,,,,Percent,,percent,1,..,not available,,,2026-06-08 13:44:00+00
Child poverty,,Ethnic group,37144,Tuvaluan,2021,Year ended June,Child poverty measure,A,Measure (a): Low-income before deducting housing costs,,,,Percent,,percent,1,..,not available,,,2026-06-08 13:44:00+00
Child poverty,,Ethnic group,37144,Tuvaluan,2022,Year ended June,Child poverty measure,A,Measure (a): Low-income before deducting housing costs,,,,Percent,,percent,1,..,not available,,,2026-06-08 13:44:00+00
Child poverty,,Ethnic group,37144,Tuvaluan,2023,Year ended June,Child poverty measure,A,Measure (a): Low-income before deducting housing costs,,,,Percent,,percent,1,..,not available,,,2026-06-08 13:44:00+00
Child poverty,,Ethnic group,37144,Tuvaluan,2024,Year ended June,Child poverty measure,A,Measure (a): Low-income before deducting housing costs,,,,Percent,,percent,1,..,not available,,,2026-06-08 13:44:00+00
Child poverty,,Ethnic group,37144,Tuvaluan,2025,Year ended June,Child poverty measure,A,Measure (a): Low-income before deducting housing costs,,,,Percent,,percent,1,..,not available,,,2026-06-08 13:44:00+00
Child poverty,,Ethnic group,37144,Tuvaluan,2019,Year ended June,Child poverty measure,B,Measure (b): Low-income after deducting housing costs (fixed line),,,,Percent,,percent,1,..,not available,,,2026-06-08 13:44:00+00
Child poverty,,Ethnic group,37144,Tuvaluan,2020,Year ended June,Child poverty measure,B,Measure (b): Low-income after deducting housing costs (fixed line),,,,Percent,,percent,1,..,not available,,,2026-06-08 13:44:00+00
Child poverty,,Ethnic group,37144,Tuvaluan,2021,Year ended June,Child poverty measure,B,Measure (b): Low-income after deducting housing costs (fixed line),,,,Percent,,percent,1,..,not available,,,2026-06-08 13:44:00+00
Child poverty,,Ethnic group,37144,Tuvaluan,2022,Year ended June,Child poverty measure,B,Measure (b): Low-income after deducting housing costs (fixed line),,,,Percent,,percent,1,..,not available,,,2026-06-08 13:44:00+00
Child poverty,,Ethnic group,37144,Tuvaluan,2023,Year ended June,Child poverty measure,B,Measure (b): Low-income after deducting housing costs (fixed line),,,,Percent,,percent,1,..,not available,,,2026-06-08 13:44:00+00
Child poverty,,Ethnic group,37144,Tuvaluan,2024,Year ended June,Child poverty measure,B,Measure (b): Low-income after deducting housing costs (fixed line),,,,Percent,,percent,1,..,not available,,,2026-06-08 13:44:00+00
Child poverty,,Ethnic group,37144,Tuvaluan,2025,Year ended June,Child poverty measure,B,Measure (b): Low-income after deducting housing costs (fixed line),,,,Percent,,percent,1,..,not available,,,2026-06-08 13:44:00+00
Child poverty,,Ethnic group,37144,Tuvaluan,2019,Year ended June,Child poverty measure,C,Measure (c): Material hardship,,,,Percent,,percent,1,..,not available,,,2026-06-08 13:44:00+00
Child poverty,,Ethnic group,37144,Tuvaluan,2020,Year ended June,Child poverty measure,C,Measure (c): Material hardship,,,,Percent,,percent,1,..,not available,,,2026-06-08 13:44:00+00
Child poverty,,Ethnic group,37144,Tuvaluan,2021,Year ended June,Child poverty measure,C,Measure (c): Material hardship,,,,Percent,,percent,1,..,not available,,,2026-06-08 13:44:00+00
Child poverty,,Ethnic group,37144,Tuvaluan,2022,Year ended June,Child poverty measure,C,Measure (c): Material hardship,,,,Percent,,percent,1,..,not available,,,2026-06-08 13:44:00+00
Child poverty,,Ethnic group,37144,Tuvaluan,2023,Year ended June,Child poverty measure,C,Measure (c): Material hardship,,,,Percent,,percent,1,..,not available,,,2026-06-08 13:44:00+00
Child poverty,,Ethnic group,37144,Tuvaluan,2024,Year ended June,Child poverty measure,C,Measure (c): Material hardship,,,,Percent,,percent,1,..,not available,,,2026-06-08 13:44:00+00
Child poverty,,Ethnic group,37144,Tuvaluan,2025,Year ended June,Child poverty measure,C,Measure (c): Material hardship,,,,Percent,,percent,1,..,not available,,,2026-06-08 13:44:00+00
Child poverty,,Ethnic group,37144,Tuvaluan,2019,Year ended June,Child poverty measure,A,Measure (a): Low-income before deducting housing costs,,,,Upper bound,,percent,1,..,not available,,,2026-06-08 13:44:00+00
Child poverty,,Ethnic group,37144,Tuvaluan,2020,Year ended June,Child poverty measure,A,Measure (a): Low-income before deducting housing costs,,,,Upper bound,,percent,1,..,not available,,,2026-06-08 13:44:00+00
Child poverty,,Ethnic group,37144,Tuvaluan,2021,Year ended June,Child poverty measure,A,Measure (a): Low-income before deducting housing costs,,,,Upper bound,,percent,1,..,not available,,,2026-06-08 13:44:00+00
Child poverty,,Ethnic group,37144,Tuvaluan,2022,Year ended June,Child poverty measure,A,Measure (a): Low-income before deducting housing costs,,,,Upper bound,,percent,1,..,not available,,,2026-06-08 13:44:00+00
Child poverty,,Ethnic group,37144,Tuvaluan,2023,Year ended June,Child poverty measure,A,Measure (a): Low-income before deducting housing costs,,,,Upper bound,,percent,1,..,not available,,,2026-06-08 13:44:00+00
Child poverty,,Ethnic group,37144,Tuvaluan,2024,Year ended June,Child poverty measure,A,Measure (a): Low-income before deducting housing costs,,,,Upper bound,,percent,1,..,not available,,,2026-06-08 13:44:00+00
Child poverty,,Ethnic group,37144,Tuvaluan,2025,Year ended June,Child poverty measure,A,Measure (a): Low-income before deducting housing costs,,,,Upper bound,,percent,1,..,not available,,,2026-06-08 13:44:00+00
Child poverty,,Ethnic group,37144,Tuvaluan,2019,Year ended June,Child poverty measure,B,Measure (b): Low-income after deducting housing costs (fixed line),,,,Upper bound,,percent,1,..,not available,,,2026-06-08 13:44:00+00
Child poverty,,Ethnic group,37144,Tuvaluan,2020,Year ended June,Child poverty measure,B,Measure (b): Low-income after deducting housing costs (fixed line),,,,Upper bound,,percent,1,..,not available,,,2026-06-08 13:44:00+00
Child poverty,,Ethnic group,37144,Tuvaluan,2021,Year ended June,Child poverty measure,B,Measure (b): Low-income after deducting housing costs (fixed line),,,,Upper bound,,percent,1,..,not available,,,2026-06-08 13:44:00+00
Child poverty,,Ethnic group,37144,Tuvaluan,2022,Year ended June,Child poverty measure,B,Measure (b): Low-income after deducting housing costs (fixed line),,,,Upper bound,,percent,1,..,not available,,,2026-06-08 13:44:00+00
Child poverty,,Ethnic group,37144,Tuvaluan,2023,Year ended June,Child poverty measure,B,Measure (b): Low-income after deducting housing costs (fixed line),,,,Upper bound,,percent,1,..,not available,,,2026-06-08 13:44:00+00
Child poverty,,Ethnic group,37144,Tuvaluan,2024,Year ended June,Child poverty measure,B,Measure (b): Low-income after deducting housing costs (fixed line),,,,Upper bound,,percent,1,..,not available,,,2026-06-08 13:44:00+00
Child poverty,,Ethnic group,37144,Tuvaluan,2025,Year ended June,Child poverty measure,B,Measure (b): Low-income after deducting housing costs (fixed line),,,,Upper bound,,percent,1,..,not available,,,2026-06-08 13:44:00+00
Child poverty,,Ethnic group,37144,Tuvaluan,2019,Year ended June,Child poverty measure,C,Measure (c): Material hardship,,,,Upper bound,,percent,1,..,not available,,,2026-06-08 13:44:00+00
Child poverty,,Ethnic group,37144,Tuvaluan,2020,Year ended June,Child poverty measure,C,Measure (c): Material hardship,,,,Upper bound,,percent,1,..,not available,,,2026-06-08 13:44:00+00
Child poverty,,Ethnic group,37144,Tuvaluan,2021,Year ended June,Child poverty measure,C,Measure (c): Material hardship,,,,Upper bound,,percent,1,..,not available,,,2026-06-08 13:44:00+00
Child poverty,,Ethnic group,37144,Tuvaluan,2022,Year ended June,Child poverty measure,C,Measure (c): Material hardship,,,,Upper bound,,percent,1,..,not available,,,2026-06-08 13:44:00+00
Child poverty,,Ethnic group,37144,Tuvaluan,2023,Year ended June,Child poverty measure,C,Measure (c): Material hardship,,,,Upper bound,,percent,1,..,not available,,,2026-06-08 13:44:00+00
Child poverty,,Ethnic group,37144,Tuvaluan,2024,Year ended June,Child poverty measure,C,Measure (c): Material hardship,,,,Upper bound,,percent,1,..,not available,,,2026-06-08 13:44:00+00
Child poverty,,Ethnic group,37144,Tuvaluan,2025,Year ended June,Child poverty measure,C,Measure (c): Material hardship,,,,Upper bound,,percent,1,..,not available,,,2026-06-08 13:44:00+00
Child poverty,,Ethnic group,37144,Tuvaluan,2019,Year ended June,Child poverty measure,A,Measure (a): Low-income before deducting housing costs,,,,Lower bound,,percent,1,..,not available,,,2026-06-08 13:44:00+00
Child poverty,,Ethnic group,37144,Tuvaluan,2020,Year ended June,Child poverty measure,A,Measure (a): Low-income before deducting housing costs,,,,Lower bound,,percent,1,..,not available,,,2026-06-08 13:44:00+00
Child poverty,,Ethnic group,37144,Tuvaluan,2021,Year ended June,Child poverty measure,A,Measure (a): Low-income before deducting housing costs,,,,Lower bound,,percent,1,..,not available,,,2026-06-08 13:44:00+00
Child poverty,,Ethnic group,37144,Tuvaluan,2022,Year ended June,Child poverty measure,A,Measure (a): Low-income before deducting housing costs,,,,Lower bound,,percent,1,..,not available,,,2026-06-08 13:44:00+00
Child poverty,,Ethnic group,37144,Tuvaluan,2023,Year ended June,Child poverty measure,A,Measure (a): Low-income before deducting housing costs,,,,Lower bound,,percent,1,..,not available,,,2026-06-08 13:44:00+00
Child poverty,,Ethnic group,37144,Tuvaluan,2024,Year ended June,Child poverty measure,A,Measure (a): Low-income before deducting housing costs,,,,Lower bound,,percent,1,..,not available,,,2026-06-08 13:44:00+00
Child poverty,,Ethnic group,37144,Tuvaluan,2025,Year ended June,Child poverty measure,A,Measure (a): Low-income before deducting housing costs,,,,Lower bound,,percent,1,..,not available,,,2026-06-08 13:44:00+00
Child poverty,,Ethnic group,37144,Tuvaluan,2019,Year ended June,Child poverty measure,B,Measure (b): Low-income after deducting housing costs (fixed line),,,,Lower bound,,percent,1,..,not available,,,2026-06-08 13:44:00+00
Child poverty,,Ethnic group,37144,Tuvaluan,2020,Year ended June,Child poverty measure,B,Measure (b): Low-income after deducting housing costs (fixed line),,,,Lower bound,,percent,1,..,not available,,,2026-06-08 13:44:00+00
Child poverty,,Ethnic group,37144,Tuvaluan,2021,Year ended June,Child poverty measure,B,Measure (b): Low-income after deducting housing costs (fixed line),,,,Lower bound,,percent,1,..,not available,,,2026-06-08 13:44:00+00
Child poverty,,Ethnic group,37144,Tuvaluan,2022,Year ended June,Child poverty measure,B,Measure (b): Low-income after deducting housing costs (fixed line),,,,Lower bound,,percent,1,..,not available,,,2026-06-08 13:44:00+00
Child poverty,,Ethnic group,37144,Tuvaluan,2023,Year ended June,Child poverty measure,B,Measure (b): Low-income after deducting housing costs (fixed line),,,,Lower bound,,percent,1,..,not available,,,2026-06-08 13:44:00+00
Child poverty,,Ethnic group,37144,Tuvaluan,2024,Year ended June,Child poverty measure,B,Measure (b): Low-income after deducting housing costs (fixed line),,,,Lower bound,,percent,1,..,not available,,,2026-06-08 13:44:00+00
Child poverty,,Ethnic group,37144,Tuvaluan,2025,Year ended June,Child poverty measure,B,Measure (b): Low-income after deducting housing costs (fixed line),,,,Lower bound,,percent,1,..,not available,,,2026-06-08 13:44:00+00
Child poverty,,Ethnic group,37144,Tuvaluan,2019,Year ended June,Child poverty measure,C,Measure (c): Material hardship,,,,Lower bound,,percent,1,..,not available,,,2026-06-08 13:44:00+00
Child poverty,,Ethnic group,37144,Tuvaluan,2020,Year ended June,Child poverty measure,C,Measure (c): Material hardship,,,,Lower bound,,percent,1,..,not available,,,2026-06-08 13:44:00+00
Child poverty,,Ethnic group,37144,Tuvaluan,2021,Year ended June,Child poverty measure,C,Measure (c): Material hardship,,,,Lower bound,,percent,1,..,not available,,,2026-06-08 13:44:00+00
Child poverty,,Ethnic group,37144,Tuvaluan,2022,Year ended June,Child poverty measure,C,Measure (c): Material hardship,,,,Lower bound,,percent,1,..,not available,,,2026-06-08 13:44:00+00
Child poverty,,Ethnic group,37144,Tuvaluan,2023,Year ended June,Child poverty measure,C,Measure (c): Material hardship,,,,Lower bound,,percent,1,..,not available,,,2026-06-08 13:44:00+00
Child poverty,,Ethnic group,37144,Tuvaluan,2024,Year ended June,Child poverty measure,C,Measure (c): Material hardship,,,,Lower bound,,percent,1,..,not available,,,2026-06-08 13:44:00+00
Child poverty,,Ethnic group,37144,Tuvaluan,2025,Year ended June,Child poverty measure,C,Measure (c): Material hardship,,,,Lower bound,,percent,1,..,not available,,,2026-06-08 13:44:00+00
